Company,Year,Material Issue,ESG Category,Six Capital,Materiality Evidence,Source,Page,Verification Status
Libstar Holdings Limited,,Social,Social,Social & Relationship Capital,"Contents About this report 03 Snapshot of our performance 04 Our business 06 The Libstar family 08 What we offer 10 Our sales channels 12 Where we operate 13 Libstar’s strategy 14 Our strategy in action 16 Our strategic COVID-19 priorities 18 How we measure our strategy 20 Our environmental, social and governance strategy 23 Our strategy going forward 26 Our value-creating business model 28 How we create value 29 Year under review Our stakeholder engagement 34 Material issues and key risks 38 Our board 40 Chairman’s review 42 Chief executive officer's review 46 Chief financial officer's review 48 Operational reviews 56 Measures and compliance Assurance measures 72 Independent auditor's report 73 Remuneration committee chairman's review 74 Remuneration review 76 Governance review 92 Abridged annual financial statements Condensed consolidated statement of profit or loss and other comprehensive income 104 Condensed consolidated statement of financial position 105 Condensed consolidated statement of changes in equity 106 Condensed consolidated statement of cash flows 107 Condensed consolidated segmental information 108 Notes to the condensed consolidated financial statements 113 Corporate information 135 Forward-looking statements 136",2020-12-31_LBR_Integrated_Report_for_the_year_ended_31_December_2020 (1).pdf,2,REVIEW REQUIRED
Libstar Holdings Limited,,Governance,Governance,Intellectual Capital,"Integrated Annual Report 2020 23 Our environmental, social and governance strategy The market increasingly requires information relating We have, provided to material risks and growth opportunities associated information on the relevant assurance measures with environmental, social and corporate governance relating to ESG for the last (ESG).",2020-12-31_LBR_Integrated_Report_for_the_year_ended_31_December_2020 (1).pdf,25,REVIEW REQUIRED
Libstar Holdings Limited,,Social,Social,Social & Relationship Capital,Integrated Annual Report 2020 33 Year under review Our stakeholder engagement 34 Material issues and key risks 38 Our board 40 Chairman’s review 42 Chief executive officer's review 46 Chief financial officer's review 48 Operational reviews 56,2020-12-31_LBR_Integrated_Report_for_the_year_ended_31_December_2020 (1).pdf,35,REVIEW REQUIRED
Libstar Holdings Limited,,Social,Social,Human Capital,Libstar Holdings Limited 38 Material issues and key risks Material issues in the year ISSUES CORRECTIVE ACTIONS (cid:93) Implemented rigorous health and safety protocols and processes across the Group to keep our people safe.,2020-12-31_LBR_Integrated_Report_for_the_year_ended_31_December_2020 (1).pdf,40,REVIEW REQUIRED
Libstar Holdings Limited,2021.0,Governance,Governance,Intellectual Capital,"Our Our Leadership Abridged financial Corporate About us 21 performance priorities reviews statements information Our environmental, social and governance priorities Libstar conducted a detailed materiality assessment in terms of environmental, social and governance (ESG) aspects of its business during the year.",2021-12-31_LBR_Integrated_Report_for_the_year_ended_31_December_2021.pdf,22,REVIEW REQUIRED
Libstar Holdings Limited,2021.0,Environmental,Environmental,Natural Capital,LIBSTAR ESG MEASURES MATERIAL RISKS Measures were defined for each risk area.,2021-12-31_LBR_Integrated_Report_for_the_year_ended_31_December_2021.pdf,22,REVIEW REQUIRED
Libstar Holdings Limited,2021.0,Environmental,Environmental,Natural Capital,"Our Our Leadership Abridged financial Corporate About us 22 performance priorities reviews statements information Our environmental, social and governance strategy (continued) ● Material risks - tier one ● Material risks - tier two WATER MANAGEMENT Commitments  Determine the Group’s water usage baseline  Reduce total water consumption Environment  Influence the Group’s supply chain on water intensity We are generating science- CLIMATE CHANGE Measure based targets and performance Reduction in total use of water (m3 per year) Commitments improvements in environmental  Use the Task Force on Climate-Related Financial aspects, including energy use, Disclosures (TCFD) framework to report back water management, waste WASTE MANAGEMENT  Conduct a climate risk assessment reduction, food production Waste streams  Continue to assess the financial implications of Carbon Tax and sustainable procurement and associated emerging legislation and biodiversity.",2021-12-31_LBR_Integrated_Report_for_the_year_ended_31_December_2021.pdf,23,REVIEW REQUIRED
Libstar Holdings Limited,2021.0,Social,Social,Human Capital,"Our Our Leadership Abridged financial Corporate About us 23 performance priorities reviews statements information Our environmental, social and governance strategy (continued) ● Material risks - tier one ● Material risks - tier two EMPLOYEE HEALTH, SAFETY AND Social WELLBEING Human rights Libstar is a major employer in communities Commitments where we operate.",2021-12-31_LBR_Integrated_Report_for_the_year_ended_31_December_2021.pdf,24,REVIEW REQUIRED
Libstar Holdings Limited,2021.0,Social,Social,Social & Relationship Capital,"Our Our Leadership Abridged financial Corporate About us 24 performance priorities reviews statements information Our environmental, social and governance strategy (continued) ● Material risks - tier one ● Material risks - tier two Governance The role of the board is to exercise leadership and sound judgement in steering the Group to achieve sustainable growth and maintain good relationships with stakeholders.",2021-12-31_LBR_Integrated_Report_for_the_year_ended_31_December_2021.pdf,25,REVIEW REQUIRED
Libstar Holdings Limited,2021.0,Governance,Governance,Intellectual Capital,"For a detailed review of the committee’s other responsibilities, refer to the formal social and ethics committee report in the governance review at https://www.libstar.co.za/investors/governance/ The committee, board and management conducted a detailed materiality assessment in the third quarter of 2021 to understand the Group’s ESG landscape and to identify which aspects are material to create value and drive growth.",2021-12-31_LBR_Integrated_Report_for_the_year_ended_31_December_2021.pdf,36,REVIEW REQUIRED
Libstar Holdings Limited,2021.0,Social,Social,Human Capital,"spend considerable time collaborating to provide fair working conditions, maintain a safe with the leadership team and The three top environmental risks we identified and healthy working environment and offer learning The social and ethics committee has direct oversight monitoring the progress over the through our materiality assessment during the and development of human capital.",2021-12-31_LBR_Integrated_Report_for_the_year_ended_31_December_2021.pdf,37,REVIEW REQUIRED
Libstar Holdings Limited,2021.0,Environmental,Environmental,Natural Capital,The Group takes its responsibility to keep 2021 was one of the busiest years for us people safe at each step of the supply chain from The key governance risk we identified through our as a committee due to the significant Libstar is acutely aware of the critical role water illness or injury due to the handling or consumption materiality assessment during the year is: work done on the finalisation of plays in food production.,2021-12-31_LBR_Integrated_Report_for_the_year_ended_31_December_2021.pdf,37,REVIEW REQUIRED
Libstar Holdings Limited,2021.0,Environmental,Environmental,Natural Capital,"materiality assessment during the year are: Cyber attacks can compromise customer this year, and the board through the information, operational systems and sensitive chairman for their leadership and 2 Climate change 4 Employee health, safety and wellbeing business data.",2021-12-31_LBR_Integrated_Report_for_the_year_ended_31_December_2021.pdf,37,REVIEW REQUIRED
Libstar Holdings Limited,2022.0,Social,Social,Social & Relationship Capital,"Who we are 5 Our operating landscape 6 Our strategy and operating model 8 Where we operate 9 Operating conditions 12 Key consumer trends 16 Key risks and material matters 20 Our stakeholder engagement 22 Group performance 26 How we managed our capital resources 27 How our culture assisted us 28 Our operating structure performance 29 More information in this report Our strategy and operating model performance 31 S T N E T N O C 1 Libstar is a producer and distributor VIEWING THIS of quality products and brands for the REPORT Our board 34 consumer packaged goods industry This interactive PDF is best viewed Chairman’s review 36 in Adobe Acrobat for desktop, in South Africa and internationally.",2022-12-31_LBR_Integrated_Report_for_the_year_ended_31_December_2022.pdf,2,REVIEW REQUIRED
Libstar Holdings Limited,2022.0,Governance,Governance,Intellectual Capital,"We produce a range of products that Libstar conducted a detailed materiality assessment in terms of are consumed locally and in certain environmental, social and governance (ESG) aspects of its business in 2021.",2022-12-31_LBR_Integrated_Report_for_the_year_ended_31_December_2022.pdf,3,REVIEW REQUIRED
Libstar Holdings Limited,2022.0,Environmental,Environmental,Natural Capital,"It also Sustainability Standards Board (ISSB) for our future sustainability and This report includes information on our outlines our material matters, risks climate reporting.",2022-12-31_LBR_Integrated_Report_for_the_year_ended_31_December_2022.pdf,3,REVIEW REQUIRED
Libstar Holdings Limited,2022.0,Environmental,Environmental,Natural Capital,"outlines our material matters, risks and operational performance.",2022-12-31_LBR_Integrated_Report_for_the_year_ended_31_December_2022.pdf,3,REVIEW REQUIRED
Libstar Holdings Limited,2022.0,Social,Social,Social & Relationship Capital,"THE PROCESS WE We use icons to indicate where we address aspects relating to MATERIALITY FOLLOWED TO IDENTIFY capitals, key risks, material matters, value creation and stakeholders.",2022-12-31_LBR_Integrated_Report_for_the_year_ended_31_December_2022.pdf,4,REVIEW REQUIRED
Libstar Holdings Limited,2022.0,Governance,Governance,Intellectual Capital,OUR MATERIAL MATTERS: The board and executive management applied the principle of materiality in determining the content of this report.,2022-12-31_LBR_Integrated_Report_for_the_year_ended_31_December_2022.pdf,4,REVIEW REQUIRED
Libstar Holdings Limited,2022.0,Governance,Governance,Intellectual Capital,"Determining our material matters The board considered factors that 2 Reviewed updated risk dominated its agenda in determining management reports, material matters for inclusion in the including ranking key risks integrated annual report.",2022-12-31_LBR_Integrated_Report_for_the_year_ended_31_December_2022.pdf,4,REVIEW REQUIRED
Libstar Holdings Limited,2022.0,Governance,Governance,Intellectual Capital,5 Presented the material issues to the board for sign off as part of the integrated annual report process.,2022-12-31_LBR_Integrated_Report_for_the_year_ended_31_December_2022.pdf,4,REVIEW REQUIRED
Libstar Holdings Limited,2022.0,Environmental,Environmental,Natural Capital,"ETAERC EW EULAV EHT 3 OUR USE OF CAPITALS FC IC SRC Financial capital Intellectual capital Social and relationship capital MC HC NC Manufactured capital Human capital Natural capital OUR KEY RISKS KR1 KR2 KR3 KR4 KR5 KR6 Key risk 1 Key risk 2 Key risk 3 Key risk 4 Key risk 5 Key risk 6 MATERIAL MATTERS Extremely Pressure on Transition Further challenging infrastructure in following the development trading South Africa, with appointment of our ESG 4 Consolidated management conditions disruptions to of a new chief strategy electricity, water executive officer input from business and supply chains divisions.",2022-12-31_LBR_Integrated_Report_for_the_year_ended_31_December_2022.pdf,4,REVIEW REQUIRED
Libstar Holdings Limited,2022.0,Governance,Governance,Intellectual Capital,20 MATERIAL MATTERS The board considered factors that dominated its agenda to determine material matters for inclusion in the integrated annual report.,2022-12-31_LBR_Integrated_Report_for_the_year_ended_31_December_2022.pdf,21,REVIEW REQUIRED
Libstar Holdings Limited,2022.0,Environmental,Environmental,Natural Capital,The material matters take factors into consideration that could have a significant impact on the sustainability of the business.,2022-12-31_LBR_Integrated_Report_for_the_year_ended_31_December_2022.pdf,21,REVIEW REQUIRED
Libstar Holdings Limited,2022.0,Environmental,Environmental,Natural Capital,"KEY RISKS AND Material matters Extremely Pressure on infrastructure Transition following Further MATERIAL MATTERS challenging in South Africa, with the appointment development trading disruptions to electricity, of a new chief of our ESG conditions water and supply chains executive officer strategy KEY RISKS The following key Group risks were identified during the risk reviews conducted: 1 Strategic risk 2 Strategic risk 3 Operational risk Loss of a material customer Increased cost and limited availability Supply chain: disruption to the sourcing of critical raw materials and packaging goods of critical manufacturing inputs and Logistics: Shipment delays, including strikes or limitation of shipment availability, may infrastructure compromise the availability of raw materials and finished goods Reduced disposable consumer income Water restrictions and power interruptions may limit or restrict the Group’s ability to manufacture OUR RESPONSE products Fire and/or natural disasters may disrupt manufacturing and warehousing operations We maintain close and long‑standing relationships with customers.",2022-12-31_LBR_Integrated_Report_for_the_year_ended_31_December_2022.pdf,21,REVIEW REQUIRED
Libstar Holdings Limited,2022.0,Social,Social,Human Capital,"21 Key risks and material matters continued RISK CATEGORY * INHERENT RISK: Before mitigations and controls ** CURRENT STATE OF RISK: After mitigations and controls 4 5 6 Legal, compliance Operational risk Operational risk and regulatory risk Manipulation and/or interruption of electronic Inability to attract, motivate and retain top talent Reputational impacts and financial losses systems employed by the Group poses a risk arising from improper food quality and to the integrity of information processed and food safety protocols the continuity of manufacturing operations OUR RESPONSE OUR RESPONSE OUR RESPONSE The Group employs information technology and We implement targeted skills development and training Libstar conducts continuous product food quality integration specialists to confirm compliance with a programmes.",2022-12-31_LBR_Integrated_Report_for_the_year_ended_31_December_2022.pdf,22,REVIEW REQUIRED
RCL Foods Limited,2022.0,Environmental,Environmental,Natural Capital,"We have deliberately overlapped this process with a thorough materiality assessment, which has identified our key areas of impact both within and beyond our business.",2022-RCL Foods Sustainable-Business-Report-1 (1).pdf,3,REVIEW REQUIRED
RCL Foods Limited,2022.0,Environmental,Environmental,Natural Capital,"key material risks to our business in 2022 – as a result of increasing inequality, economic hardship and 2.3 MORE SOCIALLY DEVELOPED 4.4 Substantially increase the number of youth and adults who poor service delivery.",2022-RCL Foods Sustainable-Business-Report-1 (1).pdf,15,REVIEW REQUIRED
Libstar Holdings Limited,2023.0,Social,Social,Social & Relationship Capital,"About Transforming to A new strategic 2023 CEO’s Business Our operating Our Our Governance Remuneration Corporate 1 this report become One Libstar direction in numbers review overview landscape responsibility performance review review information C O N T E N T S 2 About this report 20 Our operating landscape 78 Governance review 21 Our business model 79 Introduction Transforming to 3 become One Libstar 22 How we delivered on our model 89 King IV Report on Corporate Governance for South Africa 24 Our consumer landscape 2016 (King IV) 4 A new strategic direction 29 Key risks and material matters 31 Stakeholder engagement 9 2023 in numbers 92 Remuneration review SECTION 1 Background 10 CEO’s review 37 Our responsibility 93 statement 38 Environmental, social SECTION 2 Overview of 94 and governance review remuneration policy 101 SECTION 3 Implementation 12 Business overview of the remuneration policy 13 Our business at a glance 48 Our performance 15 Where we operate 49 Chairman’s review 105 Corporate information 17 Our culture 51 CFO’s review 18 Our board 54 Operational reviews Viewing this report Navigating More information in this report this report This interactive PDF is best viewed in Adobe Acrobat for desktop, mobile or tablet*.",2023-12-31_LBR_Integrated_Report_for_the_year_ended_31_December_2023.pdf,2,REVIEW REQUIRED
Libstar Holdings Limited,2023.0,Social,Social,Social & Relationship Capital,"About Transforming to A new strategic 2023 CEO’s Business Our operating Our Our Governance Remuneration Corporate 2 this report become One Libstar direction in numbers review overview landscape responsibility performance review review information About this report Determining our material We use icons to indicate where we address aspects relating matters to capitals, key risks, material matters, value creation and stakeholders.",2023-12-31_LBR_Integrated_Report_for_the_year_ended_31_December_2023.pdf,3,REVIEW REQUIRED
Libstar Holdings Limited,2023.0,Governance,Governance,Intellectual Capital,The board considered factors that dominated its agenda in determining material matters for Our use of capitals inclusion in the integrated annual report.,2023-12-31_LBR_Integrated_Report_for_the_year_ended_31_December_2023.pdf,3,REVIEW REQUIRED
Libstar Holdings Limited,2023.0,Environmental,Environmental,Natural Capital,"The This integrated annual report addresses the activities of material matters include factors that have a FC HIC SRC Libstar for the year ended 31 December 2023, as well as material impact on the sustainability of the business.",2023-12-31_LBR_Integrated_Report_for_the_year_ended_31_December_2023.pdf,3,REVIEW REQUIRED
Libstar Holdings Limited,2023.0,Environmental,Environmental,Natural Capital,"It also outlines our material matters, risks that are identified by management and Manufactured capital Natural capital risks and operational performance.",2023-12-31_LBR_Integrated_Report_for_the_year_ended_31_December_2023.pdf,3,REVIEW REQUIRED
Libstar Holdings Limited,2023.0,Environmental,Environmental,Natural Capital,(KVIs) Material matters Global exposure to high-growth We have aligned our corporate social investment policy with UN Sustainable development goals and are working on broadening the alignment to all key initiatives.,2023-12-31_LBR_Integrated_Report_for_the_year_ended_31_December_2023.pdf,3,REVIEW REQUIRED
Libstar Holdings Limited,2023.0,Governance,Governance,Intellectual Capital,We produce a our material matters: reporting documents are reviewed and range of products that are consumed Improve capability and build approved by the board of directors.,2023-12-31_LBR_Integrated_Report_for_the_year_ended_31_December_2023.pdf,3,REVIEW REQUIRED
Libstar Holdings Limited,2023.0,Environmental,Environmental,Natural Capital,"2 management reports, including Our key risks (IFRS) Foundation’s Integrated Reporting <IR> Framework, and King IV Report on Materiality ranking key risks by likely impact.",2023-12-31_LBR_Integrated_Report_for_the_year_ended_31_December_2023.pdf,3,REVIEW REQUIRED
Libstar Holdings Limited,2023.0,Social,Social,Social & Relationship Capital,applied the principle of materiality in 3 Evaluated stakeholder feedback.,2023-12-31_LBR_Integrated_Report_for_the_year_ended_31_December_2023.pdf,3,REVIEW REQUIRED
Libstar Holdings Limited,2023.0,Environmental,Environmental,Natural Capital,Presented the material issues to presentation of the financial results.,2023-12-31_LBR_Integrated_Report_for_the_year_ended_31_December_2023.pdf,3,REVIEW REQUIRED
Libstar Holdings Limited,2023.0,Environmental,Environmental,Natural Capital,"About Transforming to A new strategic 2023 CEO’s Business Our operating Our Our Governance Remuneration Corporate 29 this report become One Libstar direction in numbers review overview landscape responsibility performance review review information Extremely challenging trading conditions Material matters Infrastructural deterioration in South Africa, with Key risks and disruptions to electricity, water and supply chains The board considered factors that Aligning our ESG strategy to our value-creation plan dominated its agenda to determine material matters material matters for inclusion in the integrated annual report.",2023-12-31_LBR_Integrated_Report_for_the_year_ended_31_December_2023.pdf,30,REVIEW REQUIRED
Libstar Holdings Limited,2023.0,Social,Social,Human Capital,"About Transforming to A new strategic 2023 CEO’s Business Our operating Our Our Governance Remuneration Corporate 30 this report become One Libstar direction in numbers review overview landscape responsibility performance review review information Key risks and material matters continued ng ati mitig ris ks ur o Key risks continued LEGAL, COMPLIANCE 4 OPERATIONAL RISK 5 OPERATIONAL RISK 6 AND REGULATORY RISK Manipulation and/or interruption of electronic Inability to attract, motivate and retain top talent Reputational impacts and financial losses systems employed by the Group poses a risk arising from improper food quality and food to the integrity of information processed and Loss of critical skills in the Group safety protocols the continuity of manufacturing operations Our response Our response Our response We implement targeted skills development and training programmes.",2023-12-31_LBR_Integrated_Report_for_the_year_ended_31_December_2023.pdf,31,REVIEW REQUIRED
Libstar Holdings Limited,2024.0,Environmental,Environmental,Natural Capital,"Consolidated annual financial statements 2024 report Independent auditor’s To the shareholders of Libstar Holdings Limited Report on the Audit of the Consolidated Annual Financial Statements Opinion We have audited the consolidated annual financial statements of The amount we set as materiality represents a quantitative Libstar Holdings Limited and its subsidiaries (“the Group”) set out threshold used to evaluate the effect of misstatements to the on pages 12 to 75, which comprise of the consolidated statement financial statements as a whole based on our professional of financial position as at 31 December 2024, and the consolidated judgment.",2024-12-31_LBR_Annual_Financial_Statements_for_the_year_ended_31_December_2024.pdf,5,REVIEW REQUIRED
Libstar Holdings Limited,2024.0,Environmental,Environmental,Natural Capital,"consolidated statement of cash flows for the year then ended, and notes to the consolidated annual financial statement, including Group Final Materiality: material accounting policy information.",2024-12-31_LBR_Annual_Financial_Statements_for_the_year_ended_31_December_2024.pdf,5,REVIEW REQUIRED
Libstar Holdings Limited,2024.0,Environmental,Environmental,Natural Capital,"We determined final materiality for the Group to be R26 million, which is based on 5% of normalised earnings before interest and In our opinion, the consolidated annual financial statements tax.",2024-12-31_LBR_Annual_Financial_Statements_for_the_year_ended_31_December_2024.pdf,5,REVIEW REQUIRED
Libstar Holdings Limited,2024.0,Governance,Governance,Intellectual Capital,"We are independent of the group in Group Audit Scope accordance with the Independent Regulatory Board for Auditors’ Our assessment of audit risk, evaluation of materiality and Code of Professional Conduct for Registered Auditors (IRBA Code) allocation of performance materiality determines our audit scope and other independence requirements applicable to performing for each component within the Group.",2024-12-31_LBR_Annual_Financial_Statements_for_the_year_ended_31_December_2024.pdf,5,REVIEW REQUIRED
Libstar Holdings Limited,2024.0,Environmental,Environmental,Natural Capital,"Final Materiality The ISAs recognise that: In selecting components, we perform risk assessment activities − Misstatements, including omissions, are considered to be across the Group and its components to identify risks of material material if the misstatements, individually or in the aggregate, misstatement.",2024-12-31_LBR_Annual_Financial_Statements_for_the_year_ended_31_December_2024.pdf,5,REVIEW REQUIRED
Libstar Holdings Limited,2024.0,Environmental,Environmental,Natural Capital,"We then consider for each component the degree of risk identified − Judgments about materiality are made in light of surrounding (whether pervasive or not) and the number of accounts requiring circumstances, and are affected by the size or nature of a audit responses to assign either a full or specific scope (including misstatement, or a combination of both; and specified procedures) to each component.",2024-12-31_LBR_Annual_Financial_Statements_for_the_year_ended_31_December_2024.pdf,5,REVIEW REQUIRED
Libstar Holdings Limited,2024.0,Social,Social,Social & Relationship Capital,"Integrated annual report 2024 Table of contents About this report 2 Our performance 42 Our business at a glance 3 CFO’s review 43 Investment case 9 Ambient Products 47 Our strategy 10 Perishable Products 61 Realising operational efficiencies across the Group 14 Household & Personal Care 71 CEO’s review 15 Our responsibility 72 Business overview 17 Environmental, social and governance review 73 How we meet our customers’ needs 18 Governance review 88 Where we operate 19 Governance and Board Committees 89 Our value chain 20 King Report on Corporate Governance for South 101 Our Board 22 Africa 2016 (King IV) Our business model 24 Remuneration review 105 Our material matters 26 Section 1: Background statement 106 Our operating landscape 27 Section 2: Overview of Remuneration Policy 108 Chairman’s review 28 Section 3: Implementation of the Remuneration 116 Policy Our operating context 30 Corporate information 120 Risk management 35 Stakeholder engagement 39 1 Our business at a glance Business overview Our operating landscape Our performance Our responsibility Governance review Remuneration review",2024-12-31_LBR_Integrated_Report_for_the_year_ended_31_December_2024.pdf,2,REVIEW REQUIRED
Libstar Holdings Limited,2024.0,Social,Social,Social & Relationship Capital,"Board approval The report aims to provide stakeholders with relevant information about Libstar’s material matters – those matters that have the largest The Board acknowledges its responsibility for the integrity of the potential impacts on our ability to create value in the short, medium Group’s external reporting.",2024-12-31_LBR_Integrated_Report_for_the_year_ended_31_December_2024.pdf,3,REVIEW REQUIRED
Libstar Holdings Limited,2024.0,Social,Social,Social & Relationship Capital,"and outlook, and that it covers all material matters affecting Libstar’s ability to create and preserve value relevant to providers of financial Financial information in this report has been prepared in capital and other stakeholders.",2024-12-31_LBR_Integrated_Report_for_the_year_ended_31_December_2024.pdf,3,REVIEW REQUIRED
Libstar Holdings Limited,2024.0,Social,Social,Social & Relationship Capital,IInntteeggrraatteedd aannnnuuaall rreeppoorrtt 22002244 Business overview 18 How we meet our customers’ needs 19 Where we operate 20 Our value chain 22 Our Board 24 Our business model 26 Our material matters 17,2024-12-31_LBR_Integrated_Report_for_the_year_ended_31_December_2024.pdf,18,REVIEW REQUIRED
Libstar Holdings Limited,2024.0,Social,Social,Social & Relationship Capital,"Integrated annual report 2024 Our material matters In determining the areas of focus for this report, we considered matters that could substantially impact the assessment and decisions of the Board, key stakeholders and the Group’s ability to create value over time.",2024-12-31_LBR_Integrated_Report_for_the_year_ended_31_December_2024.pdf,27,REVIEW REQUIRED
Libstar Holdings Limited,2024.0,Environmental,Environmental,Natural Capital,"The process followed to determine these material matters included: - Reviews of market research, trends and operating conditions.",2024-12-31_LBR_Integrated_Report_for_the_year_ended_31_December_2024.pdf,27,REVIEW REQUIRED
Libstar Holdings Limited,2024.0,Governance,Governance,Intellectual Capital,The material issues were presented to the Board for sign off as part of the Integrated Annual Report process.,2024-12-31_LBR_Integrated_Report_for_the_year_ended_31_December_2024.pdf,27,REVIEW REQUIRED
Libstar Holdings Limited,2024.0,Environmental,Environmental,Natural Capital,The process concluded that the material matters identified in 2023 remained relevant in 2024: - Extremely challenging trading conditions.,2024-12-31_LBR_Integrated_Report_for_the_year_ended_31_December_2024.pdf,27,REVIEW REQUIRED
Libstar Holdings Limited,2025.0,Environmental,Environmental,Natural Capital,"Annual financial statements 2025 Independent Auditor’s Report To the shareholders of Libstar Holdings Limited Report on the Audit of the Consolidated and Company Annual Financial Statements Opinion We have audited the consolidated and company annual financial − Judgments about materiality are made in light of surrounding statements of Libstar Holdings Limited and its subsidiaries circumstances, and are affected by the size or nature of a (‘the Group’) set out on pages 12 to 87, which comprise the misstatement, or a combination of both; and consolidated and company statements of financial position as − Judgments about matters that are material to users of the at 31 December 2025, and the consolidated and company financial statements consider users as a group rather than statements of profit or loss and other comprehensive income, the as specific individual users, whose needs may vary greatly.",2025-12-31_LBR_Annual_Financial_Statements_for_the_year_ended_31_December_2025.pdf,5,REVIEW REQUIRED
Libstar Holdings Limited,2025.0,Environmental,Environmental,Natural Capital,"consolidated and company statements of changes in equity and the consolidated and company statements of cash flows for the The amount we set as materiality represents a quantitative year then ended, and notes to the consolidated and company threshold used to evaluate the effect of misstatements to the annual financial statements, including material accounting policy financial statements as a whole based on our professional information.",2025-12-31_LBR_Annual_Financial_Statements_for_the_year_ended_31_December_2025.pdf,5,REVIEW REQUIRED
Libstar Holdings Limited,2025.0,Environmental,Environmental,Natural Capital,"statements present fairly, in all material respects, the consolidated and company financial position of the group and company as at Group Final Materiality: 31 December 2025, and its consolidated and company financial We determined final materiality for the Group to be R28.0 million, performance and consolidated and company cash flows for the which is based on 5% of normalised earnings before interest and year then ended in accordance with IFRS Accounting Standards tax.",2025-12-31_LBR_Annual_Financial_Statements_for_the_year_ended_31_December_2025.pdf,5,REVIEW REQUIRED
Libstar Holdings Limited,2025.0,Governance,Governance,Intellectual Capital,"and company in accordance with the Independent Regulatory Company Final Materiality: Board for Auditors’ Code of Professional Conduct for Registered We determined final materiality for the standalone Company to be Auditors (IRBA Code) as applicable to audits of financial R22.8 million, which is based on 0.5% of total assets.",2025-12-31_LBR_Annual_Financial_Statements_for_the_year_ended_31_December_2025.pdf,5,REVIEW REQUIRED
Libstar Holdings Limited,2025.0,Governance,Governance,Intellectual Capital,"The IRBA Code is consistent with the corresponding sections of the International Ethics Standards Board for Group Audit Scope Accountants’ International Code of Ethics for Professional Our assessment of audit risk, our evaluation of materiality and our Accountants (including International Independence Standards).",2025-12-31_LBR_Annual_Financial_Statements_for_the_year_ended_31_December_2025.pdf,5,REVIEW REQUIRED
Libstar Holdings Limited,2025.0,Environmental,Environmental,Natural Capital,allocation of performance materiality determine our audit scope We believe that the audit evidence we have obtained is sufficient for each component within the Group.,2025-12-31_LBR_Annual_Financial_Statements_for_the_year_ended_31_December_2025.pdf,5,REVIEW REQUIRED
Libstar Holdings Limited,2025.0,Environmental,Environmental,Natural Capital,"In addition, we further consider the organisation of the Audit of Financial Statements of Public Interest Entities, published Group and effectiveness of Group wide controls, changes in the in Government Gazette Number 49309 dated 15 September 2023 business environment, and other factors such as our experience (the EAR Rule), we report: in prior years and recent internal audit results when assessing the Final Materiality level of work to be performed at each component of the Group.",2025-12-31_LBR_Annual_Financial_Statements_for_the_year_ended_31_December_2025.pdf,5,REVIEW REQUIRED
Libstar Holdings Limited,2025.0,Social,Social,Social & Relationship Capital,"The report aims to provide stakeholders with relevant information about Libstar’s material matters – those matters that have the greatest The audited consolidated annual This Integrated Annual Report is guided by the principles and requirements of the Integrated potential impact on our ability to create value in the short, medium financial statements comply with IFRS Reporting <IR> Framework issued by the IFRS Foundation and the King Report on Corporate and long term1, as well as the Group’s most significant impacts on the Accounting Standards, the JSE Listings Governance for South Africa 2016 (King IV)*.",2025-12-31_LBR_Integrated_Report_for_the_year_ended_31_December_2025.pdf,3,REVIEW REQUIRED
Libstar Holdings Limited,2025.0,Environmental,Environmental,Natural Capital,"boundary includes all subsidiaries, and Determination of material matters ESG information is reported on the The Group is monitoring developments in sustainability and climate reporting standards, same basis.",2025-12-31_LBR_Integrated_Report_for_the_year_ended_31_December_2025.pdf,3,REVIEW REQUIRED
Libstar Holdings Limited,2025.0,Governance,Governance,Intellectual Capital,"including those issued by the International Sustainability Standards Board (ISSB), and will Libstar conducts an annual materiality assessment to identify the consider their application in future reporting periods.",2025-12-31_LBR_Integrated_Report_for_the_year_ended_31_December_2025.pdf,3,REVIEW REQUIRED
Libstar Holdings Limited,2025.0,Governance,Governance,Intellectual Capital,"balanced view of the Group’s performance, strategy, governance, and outlook, and that it covers all material matters affecting Libstar’s ability to » The external operating environment.",2025-12-31_LBR_Integrated_Report_for_the_year_ended_31_December_2025.pdf,3,REVIEW REQUIRED
Libstar Holdings Limited,2025.0,Environmental,Environmental,Natural Capital,The material matters identified through this process are presented in the Material matters section of this report and are integrated JP Landman throughout the report where relevant.,2025-12-31_LBR_Integrated_Report_for_the_year_ended_31_December_2025.pdf,3,REVIEW REQUIRED
Libstar Holdings Limited,2025.0,Social,Social,Social & Relationship Capital,"Our business Our operating at a glance Business overview landscape Our performance Our responsibility Governance review Remuneration review 26 Our material matters In determining the areas of focus for this report, the Board and management considered matters that could The material matters were presented to the Board for consideration and approval as part of the Integrated substantially impact stakeholder assessments and decisions, as well as the Group’s ability to create value Annual Report process.",2025-12-31_LBR_Integrated_Report_for_the_year_ended_31_December_2025.pdf,28,REVIEW REQUIRED
Libstar Holdings Limited,2025.0,Social,Social,Social & Relationship Capital,"Following this process, the Board concluded that the Group’s material matters for 2025 include: The process followed to determine these material matters included: » Operational resilience and supply chain security, including the availability and cost dynamics of key raw » Reviews of market trends, operating conditions and macro-economic developments.",2025-12-31_LBR_Integrated_Report_for_the_year_ended_31_December_2025.pdf,28,REVIEW REQUIRED
Libstar Holdings Limited,2025.0,Environmental,Environmental,Natural Capital,Additional information on the Group’s material matters and Risk Management Framework is provided in the Material Matters and Risk Management sections of this Integrated Annual Report.,2025-12-31_LBR_Integrated_Report_for_the_year_ended_31_December_2025.pdf,80,REVIEW REQUIRED
Libstar Holdings Limited,2025.0,Governance,Governance,Intellectual Capital,The Committee reports to the Board on matters within its mandate and brings any material issues The Committee’s responsibilities include oversight of the following areas: to the attention of the Board when necessary.,2025-12-31_LBR_Integrated_Report_for_the_year_ended_31_December_2025.pdf,88,REVIEW REQUIRED
AVI Limited,2021.0,Environmental,Environmental,Natural Capital,SL CRUTCHLEY OP CRESSEY Chief Executive Officer Chief Financial Officer Designated Financial Director 3 September 2021 Extract from JSE Guidance letter on directors’ responsibility on financial controls dated 17 July 2020 to note for information purposes: Materiality In terms of the JSE Listings Requirements (“the Requirements”) financial information must be prepared in accordance with IFRS.,5.-AVI-Company-AFS-2021.pdf,4,REVIEW REQUIRED
AVI Limited,2021.0,Environmental,Environmental,Natural Capital,The application of materiality is an important concept dealt with by IFRS.,5.-AVI-Company-AFS-2021.pdf,4,REVIEW REQUIRED
AVI Limited,2021.0,Environmental,Environmental,Natural Capital,The reference to materiality in paragraph (a) of the CEO and FD sign off must be interpreted in the context of IFRS.,5.-AVI-Company-AFS-2021.pdf,4,REVIEW REQUIRED
AVI Limited,2021.0,Environmental,Environmental,Natural Capital,"The new definition states that, ’Information is material if omitting, misstating or obscuring it could reasonably be expected to influence decisions that the primary users of general purpose financial statements make on the basis of those financial statements, which provide financial information about a specific reporting entity.’ The amendments clarify that materiality will depend on the nature or magnitude of information, or both.",5.-AVI-Company-AFS-2021.pdf,14,REVIEW REQUIRED
Unknown,2021.0,Governance,Governance,Intellectual Capital,"The Board has accordingly applied its • I&J in the Frozen category; mind to the Integrated Annual Report and in their • Yardley, Lenthéric and Coty in Personal Care; opinion the Integrated Annual Report addresses all • Spitz, Carvela, Green Cross, GX&co, Kurt Geiger, material issues, and presents fairly the integrated Lacoste, Tosoni and Gant in our Footwear & Apparel performance of the organisation and its impacts.",6.-Integrated-Annual-Report-June-2021.pdf,3,REVIEW REQUIRED
Unknown,2021.0,Environmental,Environmental,Natural Capital,"newsletters and posters) on material issues and regulations affecting employees • Conferences and general staff meetings • Performance appraisals • Union representative forums • Workplace forums such as the employment equity and learning and development forums • Industry relevant Sector Education and Training Authorities • Independent anonymous reporting hotline • Intranet-based incident reporting system • Ad hoc events Suppliers • Product conferences • Visits and meetings • Participation in manufacturing improvement projects and waste legislation compliance teams • Supplier audits • Senior operational and procurement staff day-to-day interactions Communities and non-profit organisations • Corporate social investment programmes • Workplace learning and development programmes for unemployed learners • AVI graduate development programme • Partnerships and sponsorships • Ad hoc community engagements in surrounding communities, including Company sponsored employee volunteer days Business associations • Participation in, or membership of numerous associations such as the South African Chamber of Commerce & Industry; Accelerate Cape Town; the Consumer Goods Council; a number of fishing industry associations including the South African Deep-Sea Fishing Industry Association; the Responsible Fishing Alliance; the World Wildlife Fund’s South African Sustainable Seafood Initiative; the Abalone Farmers’ Association and the South African Mid-water Trawling Association; the Association of ",6.-Integrated-Annual-Report-June-2021.pdf,37,REVIEW REQUIRED
Unknown,2021.0,Governance,Governance,Intellectual Capital,"Based on the allocation process I&J Within the governance framework material issues are was allocated 18,4% of the Hake Inshore Trawl (previously highlighted in management reports that are reviewed 34,1%), 13,4% of the Patagonian Toothfish (previously by the operating executives.",6.-Integrated-Annual-Report-June-2021.pdf,38,REVIEW REQUIRED
Unknown,2021.0,Social,Social,Social & Relationship Capital,"49 OVERVIEW BUSINESS REVIEW GOVERNANCE ANNUAL FINANCIAL STATEMENTS SHAREHOLDER INFORMATION Going forward set of “Stakeholder Capitalism Metrics”, which can The Company will continue reporting on sustainability be used by companies to align their reporting on issues in a way that focuses on material issues and environmental, social and governance indicators provides a balanced view of the economic, social and (“ESG”).",6.-Integrated-Annual-Report-June-2021.pdf,51,REVIEW REQUIRED
Unknown,2021.0,Social,Social,Human Capital,"61 OVERVIEW BUSINESS REVIEW GOVERNANCE ANNUAL FINANCIAL STATEMENTS SHAREHOLDER INFORMATION Index of material issues (referencing the 2016 GRI Standards) Page/not Aspect Core indicator reported Organisational 102-1 Name of the organisation Inside back cover profile 102-2 Activities, brands, products and services 1 102-3 Location of headquarters Inside back cover 102-4 Location of operations 105 102-5 Ownership and legal form Inside back cover, 92; 94; 130 102-6 Markets served 1; 102 to 105 102-7 Scale of the organisation Consolidated AFS from 89 102-8 Information on employees and other workers 58 102-9 Supply chain 32 to 65 102-10 Significant changes to the organisation and supply chain Inside front cover 102-11 Precautionary principle or approach 32 to 65 102-12 External initiatives 32 to 65 102-13 Membership of associations 32 to 65 Strategy 102-14 Statement from senior decision maker 6 to 9 102-15 Key impacts, risks, and opportunities 6 to 9; 45 to 48 Ethics and 102-16 Values, principles, standards and norms of behaviour 32 to 36 integrity 102-17 Mechanisms for advice and concerns about ethics 32 to 36 Governance 102-18 Governance structure 66 to 77 102-19 Delegating authority 68 to 77 102-20 Executive-level responsibility for economic, environmental, 68 to 77 and social topics 102-21 Consulting stakeholders on economic, environmental, and 34 and 35 social topics 102-22 Composition of the highest governance body and its 68 to 77 committees 102-23 Chair of the highest govern",6.-Integrated-Annual-Report-June-2021.pdf,63,REVIEW REQUIRED
Unknown,2021.0,Environmental,Environmental,Natural Capital,"sustainable development report continued Page/not Aspect Core indicator reported Stakeholder 102-40 List of stakeholder groups 34 and 35 engagement 102-41 Collective bargaining agreements 58 102-42 Identifying and selecting stakeholders 34 102-43 Approach to stakeholder engagement 34 and 35 102-44 Key topics and concerns raised 34 and 35 Reporting 102-45 Entities included in the consolidated financial statements Inside back cover practice 102-46 Defining report content and topic boundaries Inside front cover 102-47 List of material topics Inside front cover 102-48 Restatements of information Entire IAR, where applicable 102-49 Changes in reporting Inside front cover; 106 to 117 102-50 Reporting period Inside front cover 102-51 Date of most recent report Inside front cover 102-52 Reporting cycle Inside front cover 102-53 Contact point for questions regarding the report Inside front cover 102-54 Claims of reporting in accordance with the GRI Standards 33 102-55 GRI content index 61 to 65 Management 103-1 Explanation of the material topic and its Boundary Entire IAR, where approach applicable 103-2 The management approach and its components Entire IAR, where applicable 103-3 Evaluation of the management approach Entire IAR, where applicable Economic 201-1 Direct economic value generated and distributed 27 performance 201-2 Financial implications and other risks and opportunities due 36 to 50 to climate change 201-3 Defined benefit plan obligations and other retirement plans 109 ",6.-Integrated-Annual-Report-June-2021.pdf,64,REVIEW REQUIRED
Unknown,2021.0,Environmental,Environmental,Natural Capital,SL CRUTCHLEY OP CRESSEY Chief Executive Officer Chief Financial Officer Designated Financial Director 3 September 2021 Extract from JSE Guidance letter on directors’ responsibility on financial controls dated 17 July 2020 to note for information purposes: Materiality In terms of the JSE Listings Requirements (“the Requirements”) financial information must be prepared in accordance with IFRS.,6.-Integrated-Annual-Report-June-2021.pdf,92,REVIEW REQUIRED
Unknown,2021.0,Environmental,Environmental,Natural Capital,The application of materiality is an important concept dealt with by IFRS.,6.-Integrated-Annual-Report-June-2021.pdf,92,REVIEW REQUIRED
Unknown,2021.0,Environmental,Environmental,Natural Capital,The reference to materiality in paragraph (a) of the CEO and FD sign off must be interpreted in the context of IFRS.,6.-Integrated-Annual-Report-June-2021.pdf,92,REVIEW REQUIRED
Unknown,2021.0,Environmental,Environmental,Natural Capital,"The amendments clarify that materiality will depend on the nature or magnitude of information, or both.",6.-Integrated-Annual-Report-June-2021.pdf,108,REVIEW REQUIRED
Astral Foods Limited,,Governance,Governance,Intellectual Capital,"Contents 2 Our Business 3 Report Overview 01 Astral at a Glance 04 Financial Statements 128 6 Our Group Activities Chief Financial Officer’s Report 8 Financial Summary 131 Financial Ratios and Statistics 9 ESG Summary 132 Group Company Secretary Certificate 10 Chairman’s Statement 132 Chief Executive Officer and Chief Financial Officer’s Responsibility Statement 14 Board of Directors 132 Preparation and Publication of the Annual Financial 18 Chief Executive Officer’s Report Statements 28 Our Strategy 133 Directors’ Responsibilities and Approval 29 Our Investment Case 134 Directors’ Report 30 Business Risks and Material Matters Report 137 Audit and Risk Management Committee Report 141 Independent Auditor’s Report 146 Consolidated Statement of Comprehensive Income 02 Operational Overview and Performance 147 Consolidated Balance Sheet 48 Business Model 148 Consolidated Statement of Changes in Equity 50 Executive Management 149 Consolidated Statement of Cash Flows 51 Corporate Services 150 Notes to the Consolidated Statement of Cash Flows 52 Divisional Overview and Performance 151 Notes to the Financial Statements 03 ESG Sustainability Report 05 Administration 64 Social and Ethics Committee Report 200 Shareholders' Diary 68 ESG Committee Report 201 Shareholders' Analysis 72 ESG Business Model 203 Abbreviations and Definitions 74 Governance 206 Corporate Information 74 • Governance Structure 75 • Corporate Governance 83 • Human Resources, Remuneration and Nominations Committee Rep",9156_Astral-IR-2023_WEB-FA-small.pdf,2,REVIEW REQUIRED
Astral Foods Limited,,Environmental,Environmental,Natural Capital,"This Integrated Report also deals with the IFRS Foundation had already indicated that it would build on the opportunities, risks and material issues faced by the Group in the work of the Task Force on Climate Related Disclosures (TCFD) when normal course of business.",9156_Astral-IR-2023_WEB-FA-small.pdf,5,REVIEW REQUIRED
Astral Foods Limited,,Environmental,Environmental,Natural Capital,"To guide and inform Astral’s decisions during the preparation of Materiality and material matters this Report, we applied the principles and requirements contained The Integrated Report is intended to provide insight into issues within various regulations, codes and standards as set out in the identified as the most relevant and material to Astral and its table below.",9156_Astral-IR-2023_WEB-FA-small.pdf,5,REVIEW REQUIRED
Astral Foods Limited,,Social,Social,Social & Relationship Capital,"Comprehensive information, pertaining to Annual stakeholder engagement and material issues relevant to the Integrated Financial Report Statements various stakeholder groups, are disclosed in the Integrated Report.",9156_Astral-IR-2023_WEB-FA-small.pdf,5,REVIEW REQUIRED
Astral Foods Limited,,Environmental,Environmental,Natural Capital,IIRC’s International <IR> Framework   The principle of materiality formed the basis of the preparation of Listings Requirements   this Integrated Report.,9156_Astral-IR-2023_WEB-FA-small.pdf,5,REVIEW REQUIRED
Astral Foods Limited,,Governance,Governance,Intellectual Capital,"The Board and management King IV™   are of the view that the material matters published in this Report UN SDGs  – offer a balanced mix of information, allowing readers to assess the JSE Sustainability Disclosure Group’s performance and prospects.",9156_Astral-IR-2023_WEB-FA-small.pdf,5,REVIEW REQUIRED
Astral Foods Limited,,Social,Social,Social & Relationship Capital,"These material matters were Guidance June 2022  – identified through various processes, which is disclosed under the Stakeholder Engagement section.",9156_Astral-IR-2023_WEB-FA-small.pdf,5,REVIEW REQUIRED
Astral Foods Limited,,Governance,Governance,Intellectual Capital,"this Integrated Report, which in the Board’s opinion, addresses all material issues and presents fairly the Group’s integrated Astral applies a combined assurance model, which seeks to optimise performance.",9156_Astral-IR-2023_WEB-FA-small.pdf,6,REVIEW REQUIRED
Astral Foods Limited,,Governance,Governance,Intellectual Capital,01 Astral at a Glance 6 Our Group Activities 8 Financial Summary 9 ESG Summary 10 Chairman’s Statement 14 Board of Directors 18 Chief Executive Officer’s Report 28 Our Strategy 29 Our Investment Case 30 Business Risks and Material Matters Report,9156_Astral-IR-2023_WEB-FA-small.pdf,7,REVIEW REQUIRED
Astral Foods Limited,,Environmental,Environmental,Natural Capital,"Please material matters, please refer to pages 74 to 112 of this refer to pages 118 to 126 of this Report for further detail on the Integrated Report.",9156_Astral-IR-2023_WEB-FA-small.pdf,14,REVIEW REQUIRED
Astral Foods Limited,,Social,Social,Human Capital,Business risks and material matters Astral remains committed to transformation and gender diversity.,9156_Astral-IR-2023_WEB-FA-small.pdf,28,REVIEW REQUIRED
Astral Foods Limited,,Environmental,Environmental,Natural Capital,We also employ over 220 persons with engagement and material matters relevant to the Group’s various disabilities and aim to make the workplace accessible to all.,9156_Astral-IR-2023_WEB-FA-small.pdf,28,REVIEW REQUIRED
Astral Foods Limited,,Environmental,Environmental,Natural Capital,"and programmes, refer to pages 84 to 89 of the Integrated In summary, our key business risks and material matters are: Report.",9156_Astral-IR-2023_WEB-FA-small.pdf,28,REVIEW REQUIRED
Astral Foods Limited,,Social,Social,Social & Relationship Capital,"ASTRAL AT A GLANCE Business Risks and Material Matters Report Introduction Astral has identified the most relevant business risks and material matters that impact both Astral and its stakeholder groups, and which could potentially impact the Group as a going concern.",9156_Astral-IR-2023_WEB-FA-small.pdf,32,REVIEW REQUIRED
Astral Foods Limited,,Social,Social,Social & Relationship Capital,"Comprehensive information pertaining to the internal risk identification and management processes, stakeholder engagement and material matters relevant to the Group’s various stakeholder groups, are disclosed in detail in this report.",9156_Astral-IR-2023_WEB-FA-small.pdf,32,REVIEW REQUIRED
Astral Foods Limited,,Environmental,Environmental,Natural Capital,The principle of materiality forms the basis of the preparation of this Integrated Report.,9156_Astral-IR-2023_WEB-FA-small.pdf,32,REVIEW REQUIRED
Astral Foods Limited,,Governance,Governance,Intellectual Capital,"The Board and management are of the view that the material business risks and material matters published in this report offer a balanced mix of information, allowing readers to assess the Group’s performance and prospects.",9156_Astral-IR-2023_WEB-FA-small.pdf,32,REVIEW REQUIRED
Astral Foods Limited,,Environmental,Environmental,Natural Capital,Summary of Astral’s major business risks and material matters Major business risk and/ Why is the risk and/or material matter regarded as key?,9156_Astral-IR-2023_WEB-FA-small.pdf,32,REVIEW REQUIRED
Astral Foods Limited,,Governance,Governance,Intellectual Capital,Risk management framework Board: Overall responsibility for Group strategy and managing risk Audit and Risk Management Committee Oversight of the Group’s material risks and sustainability strategy.,9156_Astral-IR-2023_WEB-FA-small.pdf,33,REVIEW REQUIRED
Astral Foods Limited,,Environmental,Environmental,Natural Capital,Astral Executives Oversight of the Group’s material risks and implementation of the Group’s strategy.,9156_Astral-IR-2023_WEB-FA-small.pdf,33,REVIEW REQUIRED
Astral Foods Limited,,Environmental,Environmental,Natural Capital,"ASTRAL AT A GLANCE Business Risks and Material Matters Report (continued) Risk recognition, evaluation and management Material matter recognition, evaluation and At the core of all risk management is a systematic, cyclical risk management management process, involving a series of steps ranging from the The process Astral undertook to determine its key material matters identification of a risk, to the analysis, evaluation and management was: of the risk, and finally to the monitoring of the measures taken in • c omparing material matters identified in 2023 to Astral’s reaction to the risk.",9156_Astral-IR-2023_WEB-FA-small.pdf,34,REVIEW REQUIRED
Astral Foods Limited,,Social,Social,Social & Relationship Capital,"The executives matters; in the various operations categorise each risk they have • evaluating and reviewing material matters identified against identified and evaluate it in terms of criteria as defined in the Astral’s strategic objectives, stakeholder matters, risks and capitals business risk methodology, including the potential impact of the used to create value over the short, medium and long term; risk on the Group and the expected probability of its occurrence.",9156_Astral-IR-2023_WEB-FA-small.pdf,34,REVIEW REQUIRED
Astral Foods Limited,,Social,Social,Human Capital,"• linking identified risks to Astral’s strategic objectives and grouped When analysing the impact of the risk, Astral considers not only into themes; and the impact on the results of operations, but also the impact on • these material matters were then categorised based on non-monetary aspects such as safety, service, reputation and management’s view of the potential impact that these matters strategy.",9156_Astral-IR-2023_WEB-FA-small.pdf,34,REVIEW REQUIRED
Astral Foods Limited,,Environmental,Environmental,Natural Capital,"Risks are evaluated in relation to the following parameters: Based on the information obtained during the process, Astral • headline risk area/category; prioritised its material matters and reviewed the ESG landscape from: • impact; • a strategic perspective; • probability; and • linking business operations with the broader operating context, • perceived control effectiveness.",9156_Astral-IR-2023_WEB-FA-small.pdf,34,REVIEW REQUIRED
Astral Foods Limited,,Social,Social,Social & Relationship Capital,"ASTRAL AT A GLANCE Business Risks and Material Matters Report (continued) Our principles Relevance Completeness Understanding the views, needs, performance Focusing on those issues of material concern to our expectations and perceptions with these material stakeholders and to Astral and identifying how best to issues while also taking cognisance of prevailing local address them for our mutual benefit and global trends Responsiveness Engaging with stakeholders on issues and giving regular, comprehensive and coherent feedback.",9156_Astral-IR-2023_WEB-FA-small.pdf,36,REVIEW REQUIRED
Astral Foods Limited,,Social,Social,Social & Relationship Capital,"Major business risks and material matters The major business risks and material matters identified are aligned with the Group’s strategy, and its materiality determination and stakeholder engagement processes.",9156_Astral-IR-2023_WEB-FA-small.pdf,37,REVIEW REQUIRED
Astral Foods Limited,,Environmental,Environmental,Natural Capital,The major business risks and material matters that are managed by Astral and which form part of the Group’s strategy are: 1.,9156_Astral-IR-2023_WEB-FA-small.pdf,37,REVIEW REQUIRED
Astral Foods Limited,,Social,Social,Human Capital,Material topics Customer safety Governance Compliance Animal welfare Astral Integrated Report for the year ended 30 September 2023 35,9156_Astral-IR-2023_WEB-FA-small.pdf,37,REVIEW REQUIRED
Astral Foods Limited,,Environmental,Environmental,Natural Capital,ASTRAL AT A GLANCE Business Risks and Material Matters Report (continued) 2.,9156_Astral-IR-2023_WEB-FA-small.pdf,38,REVIEW REQUIRED
Astral Foods Limited,,Social,Social,Social & Relationship Capital,Supply and demand Material topics Affordability Customer satisfaction Fair trading conditions imbalance 36 Astral Integrated Report for the year ended 30 September 2023,9156_Astral-IR-2023_WEB-FA-small.pdf,38,REVIEW REQUIRED
Astral Foods Limited,,Environmental,Environmental,Natural Capital,Material topics Price of inputs Market volatility Astral Integrated Report for the year ended 30 September 2023 37,9156_Astral-IR-2023_WEB-FA-small.pdf,39,REVIEW REQUIRED
Astral Foods Limited,,Environmental,Environmental,Natural Capital,ASTRAL AT A GLANCE Business Risks and Material Matters Report (continued) 4.,9156_Astral-IR-2023_WEB-FA-small.pdf,40,REVIEW REQUIRED
Astral Foods Limited,,Social,Social,Human Capital,Material topics Customer safety Governance Compliance 38 Astral Integrated Report for the year ended 30 September 2023,9156_Astral-IR-2023_WEB-FA-small.pdf,40,REVIEW REQUIRED
Astral Foods Limited,,Environmental,Environmental,Natural Capital,Optimal capital expenditure allocation Material topics Sustainability of the business and management Astral Integrated Report for the year ended 30 September 2023 39,9156_Astral-IR-2023_WEB-FA-small.pdf,41,REVIEW REQUIRED
Astral Foods Limited,,Environmental,Environmental,Natural Capital,ASTRAL AT A GLANCE Business Risks and Material Matters Report (continued) 6.,9156_Astral-IR-2023_WEB-FA-small.pdf,42,REVIEW REQUIRED
Astral Foods Limited,,Social,Social,Human Capital,Labour rights and Material topics Security practices Remuneration Policy working conditions 40 Astral Integrated Report for the year ended 30 September 2023,9156_Astral-IR-2023_WEB-FA-small.pdf,42,REVIEW REQUIRED
Astral Foods Limited,,Social,Social,Human Capital,Technology and Material topics Customer satisfaction Market growth Health and safety innovation Astral Integrated Report for the year ended 30 September 2023 41,9156_Astral-IR-2023_WEB-FA-small.pdf,43,REVIEW REQUIRED
Astral Foods Limited,,Environmental,Environmental,Natural Capital,Sustainable production Material topics Waste Carbon emission Governance and consumption 42 Astral Integrated Report for the year ended 30 September 2023,9156_Astral-IR-2023_WEB-FA-small.pdf,44,REVIEW REQUIRED
Astral Foods Limited,,Governance,Governance,Intellectual Capital,Material topics Ethics Governance Astral Integrated Report for the year ended 30 September 2023 43,9156_Astral-IR-2023_WEB-FA-small.pdf,45,REVIEW REQUIRED
Astral Foods Limited,,Environmental,Environmental,Natural Capital,10 9 8 7 6 5 4 3 2 1 0.1 0.2 0.3 0.4 0.5 0.6 0.7 0.8 0.9 1 1.1 tcapmI ASTRAL AT A GLANCE Business Risks and Material Matters Report (continued) Major risks 2023 2022 Change Astral’s major risks Business risk and material matters category Page 1 1.,9156_Astral-IR-2023_WEB-FA-small.pdf,46,REVIEW REQUIRED
Astral Foods Limited,,Social,Social,Human Capital,ASTRAL AT A GLANCE Business Risks and Material Matters Report (continued) Value-Added Statement Distribution of economic value generated for stakeholders Year ended 30 September 2023 2023 2022 2022 R’m % R’m % Value added: Sales of goods and services 19 251 19 334 Less: Cost of materials and services (17 158) (15 165) Value added from trading operations 2 093 98.5 4 168 99.3 Income from investments 33 1.5 31 0.7 Total value added 2 125 100.0 4 199 100.0 Value distributed: To labour 2 343 110.3 2 380 56.7 To Government (167) (7.9) 386 9.2 – Income tax (185) 370 – Skills development levy 18 16 To providers of capital 365 17.2 521 12.4 – Dividends to shareholders 226 458 – Interest on lease liabilities 57 58 – Interest on borrowings 82 5 Total distributions 2 541 119.6 3 287 78.3 (Loss)/income (incurred)/retained in the business (416) 912 21.7 – Depreciation and amortisation 310 308 – Retained (loss)/income for the year (726) 604 Total value distributed and reinvested 2 125 100.0 4 199 100.0 Revenue generated in South Africa 98% 98% Employees 12 311 12 417 Revenue generated per employee (R’000) 1 564 1 557 Value distributed per employee (R’000) 173 338 46 Astral Integrated Report for the year ended 30 September 2023,9156_Astral-IR-2023_WEB-FA-small.pdf,48,REVIEW REQUIRED
Astral Foods Limited,,Environmental,Environmental,Natural Capital,"The objective ESG business risks report confirmed that Astral had a history of incorporating ESG On the back of the best performance in Astral’s history in the material matters into the business, and that improving the previous reporting period, we have lived through the worst narrative would be one of the next steps.",9156_Astral-IR-2023_WEB-FA-small.pdf,72,REVIEW REQUIRED
Astral Foods Limited,,Governance,Governance,Intellectual Capital,"The Board defines levels of materiality, reserving specific for a Non-Executive Director 73 years.",9156_Astral-IR-2023_WEB-FA-small.pdf,78,REVIEW REQUIRED
Astral Foods Limited,,Social,Social,Human Capital,"REMCOM performed the following key actions during • review and confirm the mandate and terms of reference of the the year: committee with King IV™ principles; • reviewed and confirmed that the mandate and terms of reference • continue with the implementation of the revised and broadened of the committee are aligned to the King IV™ principles; Remuneration Policy; • approved the remuneration adjustments for executive • c ontinue with the implementation of revised Executive management, senior management and employees; • reviewed fee levels for Non-Executive Directors for Committee and senior management talent requirements, recommendation to the Board; attraction, retention and succession planning; • reviewed the STI and LTI Policies and confirmed the required • due to the financial and operational situation of the Company in performance conditions; the present year, REMCOM reviewed remuneration policies to • engaged and communicated with concerned shareholders align rewards with the turnaround strategy of the Group; regarding the Remuneration Policy and Implementation Report • sustain and develop the Astral culture; and for the 2022 financial year; • f urther refine ESG materiality risk mitigation with the ESG • approved the LTI Scheme participants; Committee.",9156_Astral-IR-2023_WEB-FA-small.pdf,94,REVIEW REQUIRED
Astral Foods Limited,,Environmental,Environmental,Natural Capital,ESG material topics and standards were further refined during the 2023 financial year and brought about positive environmental impact improvement and conscious social upliftment.,9156_Astral-IR-2023_WEB-FA-small.pdf,120,REVIEW REQUIRED
Astral Foods Limited,,Environmental,Environmental,Natural Capital,"Our audit approach Overview Overall group materiality Materiality • Overall group materiality: R44,000,000, which represents 5% of the five-year average consolidated profit/loss before tax.",9156_Astral-IR-2023_WEB-FA-small.pdf,143,REVIEW REQUIRED
Astral Foods Limited,,Environmental,Environmental,Natural Capital,"As part of designing our audit, we determined materiality and assessed the risks of material misstatement in the Consolidated and Separate Financial Statements.",9156_Astral-IR-2023_WEB-FA-small.pdf,143,REVIEW REQUIRED
Astral Foods Limited,,Environmental,Environmental,Natural Capital,FINANCIAL STATEMENTS Independent Auditor’s Report (continued) Materiality The scope of our audit was influenced by our application of materiality.,9156_Astral-IR-2023_WEB-FA-small.pdf,144,REVIEW REQUIRED
Astral Foods Limited,,Environmental,Environmental,Natural Capital,"Based on our professional judgement, we determined certain quantitative thresholds for materiality, including the overall Group materiality for the Consolidated Financial Statements as a whole as set out in the table below.",9156_Astral-IR-2023_WEB-FA-small.pdf,144,REVIEW REQUIRED
Astral Foods Limited,,Environmental,Environmental,Natural Capital,"Overall group materiality R44,000,000 How we determined it 5% of the five-year average consolidated profit/loss before tax Rationale for the materiality We chose consolidated average profit/loss before tax as the benchmark as the Group is a trading entity benchmark applied that is profit orientated, as such the focus of investors will be on profit (EPS and HEPS).",9156_Astral-IR-2023_WEB-FA-small.pdf,144,REVIEW REQUIRED
Astral Foods Limited,,Environmental,Environmental,Natural Capital,We chose 5% which is consistent with quantitative materiality thresholds used for profit- oriented companies in this sector.,9156_Astral-IR-2023_WEB-FA-small.pdf,144,REVIEW REQUIRED
Astral Foods Limited,,Environmental,Environmental,Natural Capital,"Within these operating segments, we selected ten components for full scope audit testing due to their financial significance or their contribution to multiple financial statement line items, limited to an appropriate allocation of the Astral Foods Limited consolidated materiality.",9156_Astral-IR-2023_WEB-FA-small.pdf,144,REVIEW REQUIRED
Tiger Brands Limited,2022.0,Social,Social,Social & Relationship Capital,"Rebates and incentives is a key audit matter as the final amount due to each customer that is eligible for a rebate Our audit procedures in respect of the variable consideration and/or incentive is considered to be complex and requires recognised against revenue and rebate liability included the significant judgement and estimation by management each following, based on our materiality: › year in establishing an appropriate accrual for rebates and On a sample basis, based on the high value rebates and incentives earned at the year-end due to the varying terms incentives paid, we inspected the terms in the agreement given to different customers.",afs Tiger brands-2022.pdf,9,REVIEW REQUIRED
Tiger Brands Limited,2022.0,Environmental,Environmental,Natural Capital,"Specific Our audit procedures in respect of the cut off of revenue attention is given to transactions close to financial year-end in and rebates liability included the following, based on our order to identify abnormalities relating to the correctness of the materiality: › period in which revenue is recorded.",afs Tiger brands-2022.pdf,10,REVIEW REQUIRED
Tiger Brands Limited,2023.0,Environmental,Environmental,Natural Capital,"Statements of cash flows 16 Notes to the statements of cash flows 17 Notes to the financial statements 18 Annexure 1 – Directors’ emoluments 87 SUSTAINABILITY REPORT 2023 Segment report 91 Reviews our performance in managing our most significant impacts on people, society Value added statement 93 and the environment (impact materiality), and in addressing the significant sustainability- Five-year review 94 related risks and opportunities that could Summary of ratios and statistics 95 reasonably be expected to affect cash flows, access to finance, or cost of capital over the Declaration of final dividend 97 short, medium or long term (financial materiality).",afs Tiger brands-2023.pdf,2,REVIEW REQUIRED
Tiger Brands Limited,2023.0,Environmental,Environmental,Natural Capital,"Tiger Brands Limited Annual financial statements 2023 Notes to the financial statements 1 GENERAL ACCOUNTING POLICIES AND Materiality SIGNIFICANT JUDGEMENTS In preparation of the financial statements, the group Corporate information has assessed the materiality for each item on the The financial statements of Tiger Brands Limited (the statement of profit or loss, statement of comprehensive company) and the Tiger Brands group (the group) for income, and statement of financial position.",afs Tiger brands-2023.pdf,20,REVIEW REQUIRED
Tiger Brands Limited,2023.0,Environmental,Environmental,Natural Capital,"the year ended 30 September 2023 were authorised In assessing the materiality of the group, quantitative for issue in accordance with a resolution of the and qualitative factors were taken into account.",afs Tiger brands-2023.pdf,20,REVIEW REQUIRED
Tiger Brands Limited,2023.0,Environmental,Environmental,Natural Capital,"Tiger Brands Limited Materiality was determined at 5% of profit including is incorporated and domiciled in South Africa, where non-operational items.",afs Tiger brands-2023.pdf,20,REVIEW REQUIRED
Tiger Brands Limited,2023.0,Environmental,Environmental,Natural Capital,"disclosure would assist users in understanding the Foreign currencies financial statements as a whole, taking into account the materiality of the item being discussed.",afs Tiger brands-2023.pdf,20,REVIEW REQUIRED
Tiger Brands Limited,2024.0,Environmental,Environmental,Natural Capital,"17 Notes to the statements of cash flows 18 Notes to the financial statements WE NOURISH AND NURTURE MORE LIVES EVERY DAY 2024 ANNUAL FINANCIAL STATEMENTS ENTER 85 Annexures for the year ended 30 September 2024 89 Segment report Sustainability report 2024 Reviews our performance 92 Value-added statement in managing our most significant 93 Five-year review impacts on people, society and the environment (‘impact materiality’), 94 Summary of ratios and statistics and in addressing the significant sustainability-related risks 96 Declaration of final dividend and opportunities that could WE NOURISH AND NURTURE MORE LIVES EVERY DAY reasonably be expected to affect 97 Definitions 2024 S for U th S e T ye A a I r N en A de B d I L 30 I T Se Y p te R m E b P er O 20 R 24 T ENTER cash flows, access to finance, or cost 98 Shareholders’ information of capital over the short, medium or long term (‘financial materiality’).",afs Tiger brands-2024.pdf,2,REVIEW REQUIRED
Tiger Brands Limited,2024.0,Governance,Governance,Intellectual Capital,"49309 dated Limited and its subsidiaries as at 30 September 2024, and 15 September 2023 (EAR Rule), we report: its consolidated and separate financial performance and consolidated and separate cash flows for the year then Final materiality ended, in accordance with IFRS Accounting Standards We define materiality as the magnitude of misstatement as issued by the International Accounting Standards Board in the consolidated and separate financial statements that and the requirements of the Companies Act of South Africa.",afs Tiger brands-2024.pdf,8,REVIEW REQUIRED
Tiger Brands Limited,2024.0,Environmental,Environmental,Natural Capital,We use materiality both in planning the nature We conducted our audit in accordance with International and extent of our audit work and in evaluating the results Standards on Auditing (ISAs).,afs Tiger brands-2024.pdf,8,REVIEW REQUIRED
Tiger Brands Limited,2024.0,Environmental,Environmental,Natural Capital,"Based on our professional judgement, we determined materiality for the financial statements as a whole as follows: Financial statements – Group Financial statements – Company Overall materiality R200 million (2023: R200 million) R160 million (2023: R139 million) How we determined it It represents 5,4% of reported profit It represents 1,7% of reported total before tax assets Rationale for benchmark applied A key judgement in determining materiality is the appropriate benchmark to select, based on our perception of the needs of shareholders.",afs Tiger brands-2024.pdf,8,REVIEW REQUIRED
Tiger Brands Limited,2024.0,Environmental,Environmental,Natural Capital,"If, based on the work we have balances and/or processes and of the materiality performed, we conclude that there is a material of the group’s operations at those locations misstatement of this other information, we are required These 20 components account for 98,2% of the group’s to report that fact.",afs Tiger brands-2024.pdf,9,REVIEW REQUIRED
Tiger Brands Limited,2024.0,Environmental,Environmental,Natural Capital,"Corporate information The financial statements of Tiger Brands Limited (the Materiality company) and the Tiger Brands group (the group) for In preparation of the financial statements the the year ended 30 September 2024 were authorised group has assessed the materiality for each item for issue in accordance with a resolution of the on the statement of profit or loss, statement of directors on 3 December 2024.",afs Tiger brands-2024.pdf,20,REVIEW REQUIRED
Tiger Brands Limited,2024.0,Environmental,Environmental,Natural Capital,"In assessing the materiality of the group, the shares are publicly traded.",afs Tiger brands-2024.pdf,20,REVIEW REQUIRED
Tiger Brands Limited,2024.0,Governance,Governance,Intellectual Capital,Materiality was determined at 5% of profit Statement of compliance including non-operational items.,afs Tiger brands-2024.pdf,20,REVIEW REQUIRED
Tiger Brands Limited,2024.0,Environmental,Environmental,Natural Capital,"Accounting Standards, have been included only Foreign currencies if management concluded that the disclosure would assist users in understanding the financial Foreign currency transactions statements as a whole, taking into account the The consolidated financial statements are presented materiality of the item being discussed.",afs Tiger brands-2024.pdf,20,REVIEW REQUIRED
Tiger Brands Limited,2025.0,Governance,Governance,Intellectual Capital,"49309 dated performance and cash flows for the year then ended, in 15 September 2023 (EAR Rule), we report: accordance with IFRS Accounting Standards as issued by the International Accounting Standards Board and the Final Materiality requirements of the Companies Act of South Africa.",afs Tiger brands-2025.pdf,10,REVIEW REQUIRED
Tiger Brands Limited,2025.0,Environmental,Environmental,Natural Capital,We define materiality as the magnitude of misstatement in the financial statements that makes it probable that the Basis for Opinion economic decisions of a reasonably knowledgeable person We conducted our audit in accordance with International would be changed or influenced.,afs Tiger brands-2025.pdf,10,REVIEW REQUIRED
Tiger Brands Limited,2025.0,Environmental,Environmental,Natural Capital,We use materiality both in Standards on Auditing (ISAs).,afs Tiger brands-2025.pdf,10,REVIEW REQUIRED
Tiger Brands Limited,2025.0,Environmental,Environmental,Natural Capital,"Responsibilities for the Audit of the Financial Statements Based on our professional judgement, we determined materiality for the financial statements as a whole as follows: Overall materiality R200 million (2024: R160 million) How we determined it It represents 1.8% (2024: 1.7%) of reported total assets.",afs Tiger brands-2025.pdf,10,REVIEW REQUIRED
Tiger Brands Limited,2025.0,Environmental,Environmental,Natural Capital,"Rationale for A key judgement in determining materiality is the appropriate benchmark to select, based on our benchmark applied perception of the needs of shareholders.",afs Tiger brands-2025.pdf,10,REVIEW REQUIRED
Tiger Brands Limited,2025.0,Environmental,Environmental,Natural Capital,"If, based on the work we have performed on the the financial statements, whether due to fraud or error, other information that we obtained prior to the date of this design and perform audit procedures responsive to those auditor’s report, we conclude that there is a material risks, and obtain audit evidence that is sufficient and misstatement of this other information, we are required to appropriate to provide a basis for our opinion.",afs Tiger brands-2025.pdf,11,REVIEW REQUIRED
Tiger Brands Limited,2025.0,Environmental,Environmental,Natural Capital,"Accounting policies for which no choice is permitted in terms of IFRS® Accounting Standards, have been included only if management concluded that the disclosure would assist users in understanding the financial statements as a whole, taking into account the materiality of the item being discussed.",afs Tiger brands-2025.pdf,20,REVIEW REQUIRED
Tiger Brands Limited,2025.0,Environmental,Environmental,Natural Capital,"Materiality In preparation of the financial statements the company has assessed the materiality for each item on the statement of profit or loss, statement of comprehensive income and statement of financial position.",afs Tiger brands-2025.pdf,20,REVIEW REQUIRED
Tiger Brands Limited,2025.0,Environmental,Environmental,Natural Capital,"In assessing the materiality of the company, quantitative and qualitative factors were taken into account.",afs Tiger brands-2025.pdf,20,REVIEW REQUIRED
Tiger Brands Limited,2025.0,Environmental,Environmental,Natural Capital,Quantitative materiality was determined at 5% of profit including non-operational items.,afs Tiger brands-2025.pdf,20,REVIEW REQUIRED
Astral Foods Limited,,Governance,Governance,Intellectual Capital,"Contents 2 Our Business 3 Report Overview 1 Astral at a Glance 6 Our Group Activities 18 Chief Executive Officer’s Report 8 Financial Summary 28 Our Strategy 9 ESG Summary 29 Our Investment Case 10 Chairman’s Statement 30 Business Risks and Material Matters Report 14 Board of Directors 2 Operational Overview and Performance 48 Business Model 51 Corporate Services 50 Executive Management 52 Divisional Overview and Performance 3 ESG Sustainability Report 64 ESG Business Model 98 Human Resources, Remuneration and Nominations Committee Report 66 ESG Committee Report 99 ` Section 1: Human Resources 69 ` Environmental Impact 105 ` Section 2: Remuneration Report 79 Social and Ethics Committee Report 130 ` Section 3: Nominations Committee 83 ` Social Involvement 88 ` Governance Structure 88 ` Corporate Governance 4 Financial Statements 132 Chief Financial Officer’s Report 145 Independent Auditor’s Report 136 Financial Ratios and Statistics 148 Consolidated and Separate Statements of Comprehensive Income 137 Group Company Secretary Certificate 149 Consolidated and Separate Balance 137 Chief Executive Officer and Chief Financial Sheets Officer’s Responsibility Statement 150 Consolidated and Separate Statements 137 Preparation and Publication of the Annual of Changes in Equity Financial Statements 151 Consolidated and Separate Statements 138 Directors’ Responsibilities and Approval of Cash Flows 139 Directors’ Report 152 Notes to the Consolidated and Separate 141 Audit and Risk Manageme",AstralIntReport24.pdf,2,REVIEW REQUIRED
Astral Foods Limited,,Environmental,Environmental,Natural Capital,"This Integrated Report also deals with the We will also work to seek alignment with the specific targets as set opportunities, risks and material issues faced by the Group in the for each of the relevant UN SDGs that we have identified as having normal course of business.",AstralIntReport24.pdf,5,REVIEW REQUIRED
Astral Foods Limited,,Social,Social,Social & Relationship Capital,Companies Act   Materiality and material matters IFRS   The Integrated Report is intended to provide insight into issues King IV™   identified as the most relevant and material to Astral and its stakeholder groups that could potentially impact the Group as a UN SDGs  – going concern.,AstralIntReport24.pdf,5,REVIEW REQUIRED
Astral Foods Limited,,Social,Social,Social & Relationship Capital,"Comprehensive information, pertaining to JSE Sustainability Disclosure stakeholder engagement and material issues relevant to the Guidance  – various stakeholder groups, is disclosed in the Integrated Report.",AstralIntReport24.pdf,5,REVIEW REQUIRED
Astral Foods Limited,,Environmental,Environmental,Natural Capital,Report Overview (continued) The principle of materiality formed the basis of the preparation of units.,AstralIntReport24.pdf,6,REVIEW REQUIRED
Astral Foods Limited,,Governance,Governance,Intellectual Capital,"The Board and management Management, the Human Resources, Remuneration and are of the view that the material matters published in this Report Nominations, the Social and Ethics and the ESG Committees, all offer a balanced mix of information, allowing readers to assess the report to the Board in line with their respective mandate and terms Group’s performance and prospects.",AstralIntReport24.pdf,6,REVIEW REQUIRED
Astral Foods Limited,,Environmental,Environmental,Natural Capital,These material matters were of reference.,AstralIntReport24.pdf,6,REVIEW REQUIRED
Astral Foods Limited,,Environmental,Environmental,Natural Capital,material issues and presents fairly the Group’s integrated ` The magnitude of effects and likelihood of occurrence.,AstralIntReport24.pdf,6,REVIEW REQUIRED
Astral Foods Limited,,Governance,Governance,Intellectual Capital,ASTRAL AT A GLANCE 6 Our Group Activities 18 Chief Executive Officer's Report 8 Financial Summary 28 Our Strategy 9 ESG Summary 29 Our Investment Case 10 Chairman's Statement 30 Business Risks and Material Matters Report 14 Board of Directors,AstralIntReport24.pdf,7,REVIEW REQUIRED
Astral Foods Limited,,Social,Social,Social & Relationship Capital,"The reduction in interest rates is a positive development for For more information on Astral’s stakeholder engagements and consumers, providing financial relief and supporting economic material matters, please refer to pages 32 to 45 of this growth.",AstralIntReport24.pdf,14,REVIEW REQUIRED
Astral Foods Limited,,Environmental,Environmental,Natural Capital,"has been and continues to be actively pursued by industry, but with Business risks and material matters no approval granted to date by the state authorities.",AstralIntReport24.pdf,27,REVIEW REQUIRED
Astral Foods Limited,,Social,Social,Social & Relationship Capital,"identification and management processes, stakeholder engagement and material matters relevant to the Group’s various Poultry selling prices stakeholder groups, are disclosed in detail on pages 32 to 45 of Astral has over the years focused on producing affordable white the Integrated Report.",AstralIntReport24.pdf,27,REVIEW REQUIRED
Astral Foods Limited,,Environmental,Environmental,Natural Capital,"It remains challenging to continuously optimise financial In summary, our key business risks and material matters include: returns by achieving a poultry selling price that allows for the ` Highly pathogenic avian influenza.",AstralIntReport24.pdf,27,REVIEW REQUIRED
Astral Foods Limited,,Social,Social,Social & Relationship Capital,"ASTRAL AT A GLANCE Business Risks and Material Matters Report Introduction Astral has identified the most relevant business risks and material matters that impact both Astral and its stakeholder groups, and which could potentially impact the Group as a going concern.",AstralIntReport24.pdf,32,REVIEW REQUIRED
Astral Foods Limited,,Social,Social,Social & Relationship Capital,"Comprehensive information pertaining to the internal risk identification and management processes, stakeholder engagement and material matters relevant to the Group’s various stakeholder groups, are disclosed in detail in this report.",AstralIntReport24.pdf,32,REVIEW REQUIRED
Astral Foods Limited,,Environmental,Environmental,Natural Capital,The principle of materiality forms the basis of the preparation of this Integrated Report.,AstralIntReport24.pdf,32,REVIEW REQUIRED
Astral Foods Limited,,Governance,Governance,Intellectual Capital,"The Board and management are of the view that the material business risks and material matters published in this report offer a balanced mix of information, allowing readers to assess the Group’s performance and prospects.",AstralIntReport24.pdf,32,REVIEW REQUIRED
Astral Foods Limited,,Environmental,Environmental,Natural Capital,Summary of Astral’s major business risks and material matters Major business risk and/ Why is the risk and/or material matter regarded as key?,AstralIntReport24.pdf,32,REVIEW REQUIRED
Astral Foods Limited,,Governance,Governance,Intellectual Capital,Risk management framework Board: Overall responsibility for Group strategy and managing risk Audit and Risk Management Committee Oversight of the Group’s material risks and sustainability strategy.,AstralIntReport24.pdf,33,REVIEW REQUIRED
Astral Foods Limited,,Environmental,Environmental,Natural Capital,Astral Executives Oversight of the Group’s material risks and implementation of the Group’s strategy.,AstralIntReport24.pdf,33,REVIEW REQUIRED
Astral Foods Limited,,Environmental,Environmental,Natural Capital,"ASTRAL AT A GLANCE Business Risks and Material Matters Report (continued) Risk recognition, evaluation and management Material matter recognition, evaluation and At the core of all risk management is a systematic, cyclical risk management management process, involving a series of steps ranging from the The process Astral undertook to determine its key material matters identification of a risk, to the analysis, evaluation and management was: of the risk, and finally to the monitoring of the measures taken in ` comparing material matters identified in 2024 to Astral’s reaction to the risk.",AstralIntReport24.pdf,34,REVIEW REQUIRED
Astral Foods Limited,,Social,Social,Social & Relationship Capital,"The executives in matters; the various operations categorise each risk they have identified and ` evaluating and reviewing material matters identified against evaluate it in terms of criteria as defined in the business risk Astral’s strategic objectives, stakeholder matters, risks and capitals methodology, including the potential impact of the risk on the used to create value over the short, medium and long term; Group and the expected probability of its occurrence.",AstralIntReport24.pdf,34,REVIEW REQUIRED
Astral Foods Limited,,Social,Social,Human Capital,"When ` linking identified risks to Astral’s strategic objectives and analysing the impact of the risk, Astral considers not only the grouped into themes; and impact on the results of operations, but also the impact on non- ` these material matters were then categorised based on monetary aspects such as safety, service, reputation and strategy.",AstralIntReport24.pdf,34,REVIEW REQUIRED
Astral Foods Limited,,Environmental,Environmental,Natural Capital,"` headline risk area/category; Based on the information obtained during the process, Astral ` impact; prioritised its material matters and reviewed the ESG landscape from: ` probability; and ` a strategic perspective; ` perceived control effectiveness.",AstralIntReport24.pdf,34,REVIEW REQUIRED
Astral Foods Limited,,Social,Social,Social & Relationship Capital,"ASTRAL AT A GLANCE Business Risks and Material Matters Report (continued) Our principles Kaalfontein Hatchery Relevance Focusing on those issues of material concern to our stakeholders and to Astral and identifying how best to address them for our mutual benefit Completeness Understanding the views, needs, performance expectations and perceptions with these material issues while also taking cognisance of prevailing local and global trends Responsiveness Engaging with stakeholders on issues and giving regular, comprehensive and coherent feedback.",AstralIntReport24.pdf,36,REVIEW REQUIRED
Astral Foods Limited,,Social,Social,Social & Relationship Capital,"Major business risks and material matters The major business risks and material matters identified are aligned with the Group’s strategy, and its materiality determination and stakeholder engagement processes.",AstralIntReport24.pdf,37,REVIEW REQUIRED
Astral Foods Limited,,Environmental,Environmental,Natural Capital,The major business risks and material matters that are managed by Astral and which form part of the Group’s strategy are: 1.,AstralIntReport24.pdf,37,REVIEW REQUIRED
Astral Foods Limited,,Environmental,Environmental,Natural Capital,ASTRAL AT A GLANCE Business Risks and Material Matters Report (continued) 2.,AstralIntReport24.pdf,38,REVIEW REQUIRED
Astral Foods Limited,,Environmental,Environmental,Natural Capital,ASTRAL AT A GLANCE Business Risks and Material Matters Report (continued) 4.,AstralIntReport24.pdf,40,REVIEW REQUIRED
Astral Foods Limited,,Environmental,Environmental,Natural Capital,ASTRAL AT A GLANCE Business Risks and Material Matters Report (continued) 6.,AstralIntReport24.pdf,42,REVIEW REQUIRED
Astral Foods Limited,,Environmental,Environmental,Natural Capital,ASTRAL AT A GLANCE Business Risks and Material Matters Report (continued) 8.,AstralIntReport24.pdf,44,REVIEW REQUIRED
Astral Foods Limited,,Environmental,Environmental,Natural Capital,tcapmI ASTRAL AT A GLANCE Business Risks and Material Matters Report (continued) Major risks 2024 2023 Change Astral’s major risks Business risk and material matters category Page 1 1.,AstralIntReport24.pdf,46,REVIEW REQUIRED
Astral Foods Limited,,Social,Social,Human Capital,ASTRAL AT A GLANCE Business Risks and Material Matters Report (continued) Value-Added Statement Distribution of economic value generated for stakeholders Year ended 30 September 2024 2024 2023 2023 R’m % R’m % Value added: Sales of goods and services 20 480 19 251 Less: Cost of materials and services (16 385) (17 159) Value added from trading operations 4 095 99.1 2 092 98.5 Income from investments 37 0.9 33 1.5 Total value added 4 132 100.0 2 125 100.0 Value distributed: To labour 2 539 61.4 2 343 110.3 To Government 288 7.0 (167) (7.9) – Income tax expense/(income) 271 (185) – Skills development levy 17 18 To providers of capital 190 4.6 365 17.2 – Dividends to shareholders – 226 – Interest on lease liabilities 79 57 – Interest on borrowings 111 82 Total distributions 3 017 73.0 2 541 119.6 (Loss)/income (incurred)/retained in the business 1 115 27.0 (416) (19.6) – Depreciation and amortisation 321 310 – Retained income/(loss) for the year 794 (726) Total value distributed and reinvested 4 132 100.0 2 125 100.0 Revenue generated in South Africa 98% 98% Employees 12 293 12 311 Revenue generated per employee (R’000) 1 666 1 564 Value distributed per employee (R’000) 336 173 Astral Integrated Report 46 for the year ended 30 September 2024,AstralIntReport24.pdf,48,REVIEW REQUIRED
Astral Foods Limited,,Environmental,Environmental,Natural Capital,"The audit confirmed Astral’s narration of integrating ` Water usage: During 2024, Astral’s water usage increased by 8.1%, in line with increased poultry production, following the ESG material matters in its daily operating environment, severe loadshedding in 2023, that negatively impacted supported by its business culture of continuous improvement.",AstralIntReport24.pdf,70,REVIEW REQUIRED
Astral Foods Limited,,Environmental,Environmental,Natural Capital,ESG material topics and standards are continuously refined to enhance positive environmental impact and conscious social upliftment.,AstralIntReport24.pdf,71,REVIEW REQUIRED
Astral Foods Limited,,Governance,Governance,Intellectual Capital,"The Board defines levels of materiality, reserving specific Board meetings may be convened when necessary.",AstralIntReport24.pdf,92,REVIEW REQUIRED
Astral Foods Limited,,Environmental,Environmental,Natural Capital,"Only information that could reasonably be expected to influence the decisions of users is disclosed, in line with the principles of materiality under IFRS Practice Statement 2.",AstralIntReport24.pdf,155,REVIEW REQUIRED
AVI Limited,2025.0,Environmental,Environmental,Natural Capital,"material issues, and presents fairly the integrated performance of the organisation and its impacts.",AVI Integrated Annual Report - June 2025 (1).pdf,3,REVIEW REQUIRED
AVI Limited,2025.0,Social,Social,Human Capital,"externally assured, and the decision to use the GRI The Company endorses the principles set out in the and JSE Responsible Investment Index frameworks for Constitution of the Republic of South Africa, 1996 guidance in compiling this report is not intended to (including, without limitation, the Bill of Rights in declare compliance as understood in either framework Chapter 2), the International Labour Organisation but rather to provide the Company with a basis on (“ILO”) Labour Standards, the OECD Guidelines for which to determine the material topics for reporting.",AVI Integrated Annual Report - June 2025 (1).pdf,35,REVIEW REQUIRED
AVI Limited,2025.0,Social,Social,Human Capital,"newsletters and posters) on material issues and regulations affecting employees • Conferences and general staff meetings • Performance appraisals • Union representative forums • Workplace forums such as the employment equity and learning and development forums • Industry relevant Sector Education and Training Authorities • Independent anonymous reporting hotline • Intranet-based incident reporting system • Ad hoc events Suppliers • Product conferences • Visits and meetings • Participation in manufacturing improvement projects and legislation compliance teams • Supplier audits • Senior operational and procurement staff day-to-day interactions Communities and • Corporate social investment programmes non-profit organisations • Workplace learning and development programmes for unemployed learners • AVI graduate development programme • Partnerships and sponsorships • Ad hoc community engagements in surrounding communities, including Company-sponsored employee volunteer days 34",AVI Integrated Annual Report - June 2025 (1).pdf,36,REVIEW REQUIRED
AVI Limited,2025.0,Governance,Governance,Intellectual Capital,"suppliers may result in termination of the business Within the governance framework, material issues are relationship with them, and/or civil and criminal action highlighted in management reports that are reviewed being taken.",AVI Integrated Annual Report - June 2025 (1).pdf,37,REVIEW REQUIRED
AVI Limited,2025.0,Environmental,Environmental,Natural Capital,"The Company will consider the metrics and The Company will continue reporting on sustainability disclosures with a view to continual improvement of issues in a way that focuses on material issues and its own reporting and the setting of relevant provides a balanced view of the economic, social, and objectives and targets.",AVI Integrated Annual Report - June 2025 (1).pdf,56,REVIEW REQUIRED
AVI Limited,2025.0,Governance,Governance,Intellectual Capital,"73 OVERVIEW BUSINESS REVIEW GOVERNANCE ANNUAL FINANCIAL STATEMENTS SHAREHOLDER INFORMATION GRI content index of material issues reported for the period 1 July 2024 to 30 June 2025 with reference to the 2021 GRI Standards (Page references are to the issues to the extent reported and do not fully imply full reporting against any standard) Disclosure Reference GRI 2: General Disclosures 2-1 Organisational details: (a) Legal name (b) Nature of ownership and legal form (c) Location of Inside back cover, headquarters (d) Countries of operation 124, 125, 138 to 141 2-2 Entities included in the organisation’s sustainability reporting: (a) List all entities (b) List of Inside back cover, entities included in financial reporting (c) Any differences between list of all entities and list of 138 to 153 entities included in financial reporting (d) Approach used for consolidating information, including: whether the approach involves adjustments to minority interests; how the approach takes into account mergers, acquisitions, and disposal of entities or parts of entities; whether and how the approach differs across the disclosures in this standard and across material topics 2-3 Reporting period, frequency, and contact point: (a) Reporting period for and frequency of Inside front cover, sustainability reporting (b) Reporting period for financial reporting and, if not aligned to Inside back cover sustainability reporting, explain the reason (c) Publication date of the report or reported inform",AVI Integrated Annual Report - June 2025 (1).pdf,75,REVIEW REQUIRED
AVI Limited,2025.0,Social,Social,Social & Relationship Capital,"SUSTAINABLE DEVELOPMENT REPORT continued Disclosure Reference GRI 2: General Disclosures 2-11 Chair of the board: (a) Whether the chair of the board is also a senior executive (b) If the 88 to 96 chair is also a senior executive, explain their function within the organisation’s management, the reasons for this arrangement, and how conflicts of interest are prevented and mitigated 2-12 Role of the board in overseeing the management of impacts: (a) The role of the board and 88 to 96 of senior executives in developing, approving, and updating the organisations purpose, value or mission statements, strategies, policies and goals related to sustainable development (b) The role of the board in overseeing the organisation’s due diligence and other processes to identify and manage the organisation’s impacts on the economy, environment, and people, including: whether and how the board engages with stakeholders to support these processes; how the board considers the outcomes of these processes (c) Role of the board in reviewing the effectiveness of the organisation’s processes as described in 2-12-b and report the frequency of this review 2-13 Delegation of responsibility for managing impacts: (a) How the board delegates 88 to 96 responsibility for managing the organisation’s impacts on the economy, environment and people, including: whether it has appointed any senior executives for responsibility for the management of impacts; whether it has delegated responsibility for the managemen",AVI Integrated Annual Report - June 2025 (1).pdf,76,REVIEW REQUIRED
AVI Limited,2025.0,Environmental,Environmental,Natural Capital,SL CRUTCHLEY JC O’MEARA Chief Executive Officer Chief Financial Officer Designated Financial Director 5 September 2025 Extract from JSE guidance letter on directors’ responsibility on financial controls dated 17 July 2020 to note for information purposes: Materiality In terms of the JSE Listings Requirements (“the Requirements”) financial information must be prepared in accordance with IFRS Accounting Standards.,AVI Integrated Annual Report - June 2025 (1).pdf,124,REVIEW REQUIRED
AVI Limited,2025.0,Environmental,Environmental,Natural Capital,The application of materiality is an important concept dealt with by IFRS Accounting Standards.,AVI Integrated Annual Report - June 2025 (1).pdf,124,REVIEW REQUIRED
AVI Limited,2025.0,Environmental,Environmental,Natural Capital,The reference to materiality in paragraph (a) of the CEO and FD sign off must be interpreted in the context of IFRS Accounting Standards.,AVI Integrated Annual Report - June 2025 (1).pdf,124,REVIEW REQUIRED
AVI Limited,2025.0,Environmental,Environmental,Natural Capital,"In terms of the IRBA Rule on Enhanced Auditor Reporting for the Audit of Financial Statements of Public Interest Entities, published in Government Gazette Number 49309 dated 15 September 2023 (“EAR Rule”) we report: Final Materiality The ISAs recognise that: • misstatements, including omissions, are considered to be material if the misstatements, individually or in the aggregate, could reasonably be expected to influence the economic decisions of users taken on the basis of the financial statements; • judgements about materiality are made in light of surrounding circumstances, and are affected by the size or nature of a misstatement, or a combination of both; and • judgements about matters that are material to users of the financial statements consider users as a group rather than as specific individual users, whose needs may vary greatly.",AVI Integrated Annual Report - June 2025 (1).pdf,134,REVIEW REQUIRED
AVI Limited,2025.0,Environmental,Environmental,Natural Capital,The amount we set as materiality represents a quantitative threshold used to evaluate the effect of misstatements to the financial statements as a whole based on our professional judgment.,AVI Integrated Annual Report - June 2025 (1).pdf,134,REVIEW REQUIRED
AVI Limited,2025.0,Environmental,Environmental,Natural Capital,"Final Materiality We determined final materiality for the Group to be R167,3 million, which is based on 5% of profit before tax.",AVI Integrated Annual Report - June 2025 (1).pdf,134,REVIEW REQUIRED
AVI Limited,2025.0,Governance,Governance,Intellectual Capital,"133 OVERVIEW BUSINESS REVIEW GOVERNANCE ANNUAL FINANCIAL STATEMENTS SHAREHOLDER INFORMATION Group Audit Scope Our assessment of audit risk, our evaluation of materiality and our allocation of performance materiality determine our audit scope for each component within the Group.",AVI Integrated Annual Report - June 2025 (1).pdf,135,REVIEW REQUIRED
AVI Limited,2025.0,Environmental,Environmental,Natural Capital,"material issues, and presents fairly the integrated performance of the organisation and its impacts.",AVI Integrated Annual Report - June 2025.pdf,3,REVIEW REQUIRED
AVI Limited,2025.0,Social,Social,Human Capital,"externally assured, and the decision to use the GRI The Company endorses the principles set out in the and JSE Responsible Investment Index frameworks for Constitution of the Republic of South Africa, 1996 guidance in compiling this report is not intended to (including, without limitation, the Bill of Rights in declare compliance as understood in either framework Chapter 2), the International Labour Organisation but rather to provide the Company with a basis on (“ILO”) Labour Standards, the OECD Guidelines for which to determine the material topics for reporting.",AVI Integrated Annual Report - June 2025.pdf,35,REVIEW REQUIRED
AVI Limited,2025.0,Social,Social,Human Capital,"newsletters and posters) on material issues and regulations affecting employees • Conferences and general staff meetings • Performance appraisals • Union representative forums • Workplace forums such as the employment equity and learning and development forums • Industry relevant Sector Education and Training Authorities • Independent anonymous reporting hotline • Intranet-based incident reporting system • Ad hoc events Suppliers • Product conferences • Visits and meetings • Participation in manufacturing improvement projects and legislation compliance teams • Supplier audits • Senior operational and procurement staff day-to-day interactions Communities and • Corporate social investment programmes non-profit organisations • Workplace learning and development programmes for unemployed learners • AVI graduate development programme • Partnerships and sponsorships • Ad hoc community engagements in surrounding communities, including Company-sponsored employee volunteer days 34",AVI Integrated Annual Report - June 2025.pdf,36,REVIEW REQUIRED
AVI Limited,2025.0,Governance,Governance,Intellectual Capital,"suppliers may result in termination of the business Within the governance framework, material issues are relationship with them, and/or civil and criminal action highlighted in management reports that are reviewed being taken.",AVI Integrated Annual Report - June 2025.pdf,37,REVIEW REQUIRED
AVI Limited,2025.0,Environmental,Environmental,Natural Capital,"The Company will consider the metrics and The Company will continue reporting on sustainability disclosures with a view to continual improvement of issues in a way that focuses on material issues and its own reporting and the setting of relevant provides a balanced view of the economic, social, and objectives and targets.",AVI Integrated Annual Report - June 2025.pdf,56,REVIEW REQUIRED
AVI Limited,2025.0,Governance,Governance,Intellectual Capital,"73 OVERVIEW BUSINESS REVIEW GOVERNANCE ANNUAL FINANCIAL STATEMENTS SHAREHOLDER INFORMATION GRI content index of material issues reported for the period 1 July 2024 to 30 June 2025 with reference to the 2021 GRI Standards (Page references are to the issues to the extent reported and do not fully imply full reporting against any standard) Disclosure Reference GRI 2: General Disclosures 2-1 Organisational details: (a) Legal name (b) Nature of ownership and legal form (c) Location of Inside back cover, headquarters (d) Countries of operation 124, 125, 138 to 141 2-2 Entities included in the organisation’s sustainability reporting: (a) List all entities (b) List of Inside back cover, entities included in financial reporting (c) Any differences between list of all entities and list of 138 to 153 entities included in financial reporting (d) Approach used for consolidating information, including: whether the approach involves adjustments to minority interests; how the approach takes into account mergers, acquisitions, and disposal of entities or parts of entities; whether and how the approach differs across the disclosures in this standard and across material topics 2-3 Reporting period, frequency, and contact point: (a) Reporting period for and frequency of Inside front cover, sustainability reporting (b) Reporting period for financial reporting and, if not aligned to Inside back cover sustainability reporting, explain the reason (c) Publication date of the report or reported inform",AVI Integrated Annual Report - June 2025.pdf,75,REVIEW REQUIRED
AVI Limited,2025.0,Social,Social,Social & Relationship Capital,"SUSTAINABLE DEVELOPMENT REPORT continued Disclosure Reference GRI 2: General Disclosures 2-11 Chair of the board: (a) Whether the chair of the board is also a senior executive (b) If the 88 to 96 chair is also a senior executive, explain their function within the organisation’s management, the reasons for this arrangement, and how conflicts of interest are prevented and mitigated 2-12 Role of the board in overseeing the management of impacts: (a) The role of the board and 88 to 96 of senior executives in developing, approving, and updating the organisations purpose, value or mission statements, strategies, policies and goals related to sustainable development (b) The role of the board in overseeing the organisation’s due diligence and other processes to identify and manage the organisation’s impacts on the economy, environment, and people, including: whether and how the board engages with stakeholders to support these processes; how the board considers the outcomes of these processes (c) Role of the board in reviewing the effectiveness of the organisation’s processes as described in 2-12-b and report the frequency of this review 2-13 Delegation of responsibility for managing impacts: (a) How the board delegates 88 to 96 responsibility for managing the organisation’s impacts on the economy, environment and people, including: whether it has appointed any senior executives for responsibility for the management of impacts; whether it has delegated responsibility for the managemen",AVI Integrated Annual Report - June 2025.pdf,76,REVIEW REQUIRED
AVI Limited,2025.0,Environmental,Environmental,Natural Capital,SL CRUTCHLEY JC O’MEARA Chief Executive Officer Chief Financial Officer Designated Financial Director 5 September 2025 Extract from JSE guidance letter on directors’ responsibility on financial controls dated 17 July 2020 to note for information purposes: Materiality In terms of the JSE Listings Requirements (“the Requirements”) financial information must be prepared in accordance with IFRS Accounting Standards.,AVI Integrated Annual Report - June 2025.pdf,124,REVIEW REQUIRED
AVI Limited,2025.0,Environmental,Environmental,Natural Capital,The application of materiality is an important concept dealt with by IFRS Accounting Standards.,AVI Integrated Annual Report - June 2025.pdf,124,REVIEW REQUIRED
AVI Limited,2025.0,Environmental,Environmental,Natural Capital,The reference to materiality in paragraph (a) of the CEO and FD sign off must be interpreted in the context of IFRS Accounting Standards.,AVI Integrated Annual Report - June 2025.pdf,124,REVIEW REQUIRED
AVI Limited,2025.0,Environmental,Environmental,Natural Capital,"In terms of the IRBA Rule on Enhanced Auditor Reporting for the Audit of Financial Statements of Public Interest Entities, published in Government Gazette Number 49309 dated 15 September 2023 (“EAR Rule”) we report: Final Materiality The ISAs recognise that: • misstatements, including omissions, are considered to be material if the misstatements, individually or in the aggregate, could reasonably be expected to influence the economic decisions of users taken on the basis of the financial statements; • judgements about materiality are made in light of surrounding circumstances, and are affected by the size or nature of a misstatement, or a combination of both; and • judgements about matters that are material to users of the financial statements consider users as a group rather than as specific individual users, whose needs may vary greatly.",AVI Integrated Annual Report - June 2025.pdf,134,REVIEW REQUIRED
AVI Limited,2025.0,Environmental,Environmental,Natural Capital,The amount we set as materiality represents a quantitative threshold used to evaluate the effect of misstatements to the financial statements as a whole based on our professional judgment.,AVI Integrated Annual Report - June 2025.pdf,134,REVIEW REQUIRED
AVI Limited,2025.0,Environmental,Environmental,Natural Capital,"Final Materiality We determined final materiality for the Group to be R167,3 million, which is based on 5% of profit before tax.",AVI Integrated Annual Report - June 2025.pdf,134,REVIEW REQUIRED
AVI Limited,2025.0,Governance,Governance,Intellectual Capital,"133 OVERVIEW BUSINESS REVIEW GOVERNANCE ANNUAL FINANCIAL STATEMENTS SHAREHOLDER INFORMATION Group Audit Scope Our assessment of audit risk, our evaluation of materiality and our allocation of performance materiality determine our audit scope for each component within the Group.",AVI Integrated Annual Report - June 2025.pdf,135,REVIEW REQUIRED
AVI Limited,2023.0,Governance,Governance,Intellectual Capital,"The Board has accordingly applied its • I&J in the Frozen category; mind to the Integrated Annual Report and in their • Yardley, Lenthéric, Exclamation, Gravity, East West, opinion the Integrated Annual Report addresses all and Whisper in Personal Care; and material issues, and presents fairly the integrated • Spitz, Carvela, Green Cross, GX&Co, Kurt Geiger, performance of the organisation and its impacts.",AVI-Integrated-Annual-Report-June-2023-1.pdf,3,REVIEW REQUIRED
AVI Limited,2023.0,Environmental,Environmental,Natural Capital,"newsletters and posters) on material issues and regulations affecting employees • Conferences and general staff meetings • Performance appraisals • Union representative forums • Workplace forums such as the employment equity and learning and development forums • Industry relevant Sector Education and Training Authorities • Independent anonymous reporting hotline • Intranet-based incident reporting system • Ad hoc events Suppliers • Product conferences • Visits and meetings • Participation in manufacturing improvement projects and waste legislation compliance teams • Supplier audits • Senior operational and procurement staff day-to-day interactions Communities and non- • Corporate social investment programmes profit organisations • Workplace learning and development programmes for unemployed learners • AVI graduate development programme • Partnerships and sponsorships • Ad hoc community engagements in surrounding communities, including Company-sponsored employee volunteer days 34",AVI-Integrated-Annual-Report-June-2023-1.pdf,36,REVIEW REQUIRED
AVI Limited,2023.0,Governance,Governance,Intellectual Capital,"Within the governance framework, that all appropriate policies, consents, and security material issues are highlighted in management reports safeguards for the lawful processing of personal that are reviewed by the operating executives.",AVI-Integrated-Annual-Report-June-2023-1.pdf,37,REVIEW REQUIRED
AVI Limited,2023.0,Environmental,Environmental,Natural Capital,"51 OVERVIEW BUSINESS REVIEW GOVERNANCE ANNUAL FINANCIAL STATEMENTS SHAREHOLDER INFORMATION Key risks and impact Comments Environmental • The Group’s activities generally have low • The impact of climate change on natural resources environmental impact, and compliance with legislation through changing weather patterns and increased is good global temperatures could affect natural and • Carbon tax is currently relatively low, and work in agricultural resources on which the Company is progress to reduce coal consumption should offset dependent future tax rate increases • Government commitments to emission-reduction • I&J’s fishing and aquaculture activities are well targets and associated regulatory costs could have regulated and there is also compliance with a number a significant impact on the operating and of industry adopted practices that support sustainable distribution practices of the Company fishing of the hake resource • The Group continues to evaluate opportunities to invest in alternative power and water sources Going forward Capitalism Metrics”, which can be used by companies to align their reporting on The Company will continue reporting on sustainability environmental, social, and governance indicators issues in a way that focuses on material issues and (“ESG”).",AVI-Integrated-Annual-Report-June-2023-1.pdf,53,REVIEW REQUIRED
AVI Limited,2023.0,Environmental,Environmental,Natural Capital,"sustainable development report continued GRI content index of material issues reported for the period 1 July 2022 to 30 June 2023 with reference to the 2021 GRI Standards (Page references are to the issues to the extent reported and do not imply full reporting against any standard) Disclosure Reference GRI 2: General Disclosures 2-1 Organisational details: (a) Legal name (b) Nature of ownership and legal form (c) Location of Inside back cover, headquarters (d) Countries of operation 110, 111, 125, 135, 150 2-2 Entities included in the organisation’s sustainability reporting: (a) List all entities (b) List of Inside back cover, entities included in financial reporting (c) Any differences between list of all entities and list of 122, 123, 124, entities included in financial reporting (d) Approach used for consolidating information, including: 125, 126 – 137 whether the approach involves adjustments to minority interests; how the approach takes into account mergers, acquisitions, and disposal of entities or parts of entities; whether and how the approach differs across the disclosures in this standard and across material topics 2-3 Reporting period, frequency, and contact point: (a) Reporting period for and frequency of Inside front cover, sustainability reporting (b) Reporting period for financial reporting and, if not aligned to inside back cover sustainability reporting, explain the reason (c) Publication date of the report or reported information (d) Contact point for questi",AVI-Integrated-Annual-Report-June-2023-1.pdf,70,REVIEW REQUIRED
AVI Limited,2023.0,Social,Social,Social & Relationship Capital,"69 OVERVIEW BUSINESS REVIEW GOVERNANCE ANNUAL FINANCIAL STATEMENTS SHAREHOLDER INFORMATION Disclosure Reference GRI 2: General Disclosures 2-11 Chair of the board: (a) Whether the chair of the board is also a senior executive (b) If the 84 – 91 chair is also a senior executive, explain their function within the organisation’s management, the reasons for this arrangement, and how conflicts of interest are prevented and mitigated 2-12 Role of the board in overseeing the management of impacts: (a) The role of the board and 84 – 91 of senior executives in developing, approving, and updating the organisation’s purpose, value or mission statements, strategies, policies and goals related to sustainable development (b) The role of the board in overseeing the organisation’s due diligence and other processes to identify and manage the organisation’s impacts on the economy, environment, and people, including: whether and how the board engages with stakeholders to support these processes; how the board considers the outcomes of these processes (c) Role of the board in reviewing the effectiveness of the organisation’s processes as described in 2-12-b and report the frequency of this review 2-13 Delegation of responsibility for managing impacts: (a) How the board delegates 84 – 91 responsibility for managing the organisation’s impacts on the economy, environment and people, including: whether it has appointed any senior executives for responsibility for the management of impacts; whether i",AVI-Integrated-Annual-Report-June-2023-1.pdf,71,REVIEW REQUIRED
AVI Limited,2023.0,Environmental,Environmental,Natural Capital,SL CRUTCHLEY JC O’MEARA Chief Executive Officer Chief Financial Officer Designated Financial Director 1 September 2023 Extract from JSE guidance letter on directors’ responsibility on financial controls dated 17 July 2020 to note for information purposes: Materiality In terms of the JSE Listings Requirements (“the Requirements”) financial information must be prepared in accordance with IFRS.,AVI-Integrated-Annual-Report-June-2023-1.pdf,110,REVIEW REQUIRED
AVI Limited,2023.0,Environmental,Environmental,Natural Capital,The application of materiality is an important concept dealt with by IFRS.,AVI-Integrated-Annual-Report-June-2023-1.pdf,110,REVIEW REQUIRED
AVI Limited,2023.0,Environmental,Environmental,Natural Capital,The reference to materiality in paragraph (a) of the CEO and FD signoff must be interpreted in the context of IFRS.,AVI-Integrated-Annual-Report-June-2023-1.pdf,110,REVIEW REQUIRED
AVI Limited,2024.0,Governance,Governance,Intellectual Capital,"The Board has accordingly applied its • I&J in the Frozen category; mind to the Integrated Annual Report and, in their • Yardley, Lenthéric, Exclamation, Gravity, East West, opinion, the Integrated Annual Report addresses all and Whisper in Personal Care; and material issues, and presents fairly the integrated • Spitz, Carvela, Green Cross, GX&Co, Kurt Geiger, performance of the organisation and its impacts.",AVI-Integrated-Annual-Report-June-2024.pdf,3,REVIEW REQUIRED
AVI Limited,2024.0,Governance,Governance,Intellectual Capital,"and JSE Responsible Investment Index frameworks for • Transformation and good corporate citizenship – guidance in compiling this report is not intended to the Company recognises the moral, social, and declare compliance as understood in either framework economic imperatives to embrace and support but rather to provide the Company with a basis on which to determine the material topics for reporting.",AVI-Integrated-Annual-Report-June-2024.pdf,35,REVIEW REQUIRED
AVI Limited,2024.0,Environmental,Environmental,Natural Capital,"newsletters and posters) on material issues and regulations affecting employees • Conferences and general staff meetings • Performance appraisals • Union representative forums • Workplace forums such as the employment equity and learning and development forums • Industry relevant Sector Education and Training Authorities • Independent anonymous reporting hotline • Intranet-based incident reporting system • Ad hoc events Suppliers • Product conferences • Visits and meetings • Participation in manufacturing improvement projects and legislation compliance teams on matters such as waste management • Supplier audits • Senior operational and procurement staff day-to-day interactions Communities and non- • Corporate social investment programmes profit organisations • Workplace learning and development programmes for unemployed learners • AVI graduate development programme • Partnerships and sponsorships • Ad hoc community engagements in surrounding communities, including Company-sponsored employee volunteer days 34",AVI-Integrated-Annual-Report-June-2024.pdf,36,REVIEW REQUIRED
AVI Limited,2024.0,Governance,Governance,Intellectual Capital,"Within the governance framework, Protection of Personal Information Act, 4 of 2013, in material issues are highlighted in management reports that all appropriate policies, consents, and security that are reviewed by the operating executives.",AVI-Integrated-Annual-Report-June-2024.pdf,37,REVIEW REQUIRED
AVI Limited,2024.0,Environmental,Environmental,Natural Capital,"The Company will consider the metrics and The Company will continue reporting on sustainability disclosures with a view to continual improvement of issues in a way that focuses on material issues and its own reporting and the setting of relevant provides a balanced view of the economic, social, and objectives and targets.",AVI-Integrated-Annual-Report-June-2024.pdf,54,REVIEW REQUIRED
AVI Limited,2024.0,Environmental,Environmental,Natural Capital,"SUSTAINABLE DEVELOPMENT REPORT continued GRI content index of material issues reported for the period 1 July 2023 to 30 June 2024 with reference to the 2021 GRI Standards (Page references are to the issues to the extent reported and do not imply full reporting against any standard) Disclosure Reference GRI 2: General Disclosures 2-1 Organisational details: (a) Legal name (b) Nature of ownership and legal form (c) Location of Inside back cover, headquarters (d) Countries of operation 116, 117, 128 – 131 2-2 Entities included in the organisation’s sustainability reporting: (a) List all entities (b) List of Inside back cover, entities included in financial reporting (c) Any differences between list of all entities and list of 128 – 143 entities included in financial reporting (d) Approach used for consolidating information, including: whether the approach involves adjustments to minority interests; how the approach takes into account mergers, acquisitions, and disposal of entities or parts of entities; whether and how the approach differs across the disclosures in this standard and across material topics 2-3 Reporting period, frequency, and contact point: (a) Reporting period for and frequency of Inside front cover, sustainability reporting (b) Reporting period for financial reporting and, if not aligned to Inside back cover sustainability reporting, explain the reason (c) Publication date of the report or reported information (d) Contact point for questions 2-4 Restatements of ",AVI-Integrated-Annual-Report-June-2024.pdf,72,REVIEW REQUIRED
AVI Limited,2024.0,Social,Social,Social & Relationship Capital,"71 OVERVIEW BUSINESS REVIEW GOVERNANCE ANNUAL FINANCIAL STATEMENTS SHAREHOLDER INFORMATION Disclosure Reference GRI 2: General Disclosures 2-11 Chair of the board: (a) Whether the chair of the board is also a senior executive (b) If the 86 – 93 chair is also a senior executive, explain their function within the organisation’s management, the reasons for this arrangement, and how conflicts of interest are prevented and mitigated 2-12 Role of the board in overseeing the management of impacts: (a) The role of the board and 86 – 93 of senior executives in developing, approving, and updating the organisations purpose, value or mission statements, strategies, policies and goals related to sustainable development (b) The role of the board in overseeing the organisation’s due diligence and other processes to identify and manage the organisation’s impacts on the economy, environment, and people, including: whether and how the board engages with stakeholders to support these processes; how the board considers the outcomes of these processes (c) Role of the board in reviewing the effectiveness of the organisation’s processes as described in 2-12-b and report the frequency of this review 2-13 Delegation of responsibility for managing impacts: (a) How the board delegates 86 – 93 responsibility for managing the organisation’s impacts on the economy, environment and people, including: whether it has appointed any senior executives for responsibility for the management of impacts; whether it",AVI-Integrated-Annual-Report-June-2024.pdf,73,REVIEW REQUIRED
AVI Limited,2024.0,Environmental,Environmental,Natural Capital,SL CRUTCHLEY JC O’MEARA Chief Executive Officer Chief Financial Officer Designated Financial Director 6 September 2024 Extract from JSE guidance letter on directors’ responsibility on financial controls dated 17 July 2020 to note for information purposes: Materiality In terms of the JSE Listings Requirements (“the Requirements”) financial information must be prepared in accordance with IFRS Accounting Standards.,AVI-Integrated-Annual-Report-June-2024.pdf,116,REVIEW REQUIRED
AVI Limited,2024.0,Environmental,Environmental,Natural Capital,The application of materiality is an important concept dealt with by IFRS Accounting Standards.,AVI-Integrated-Annual-Report-June-2024.pdf,116,REVIEW REQUIRED
AVI Limited,2024.0,Environmental,Environmental,Natural Capital,The reference to materiality in paragraph (a) of the CEO and FD sign off must be interpreted in the context of IFRS Accounting Standards.,AVI-Integrated-Annual-Report-June-2024.pdf,116,REVIEW REQUIRED
Tiger Brands Limited,2021.0,Social,Social,Social & Relationship Capital,"Rebates and incentives are a key audit matter as Our audit procedures in respect of the variable consideration recognised against the final amount due to each customer that is revenue and rebates and incentives accrual included the following, based on our eligible for a rebate and incentive is considered to materiality: be complex and requires significant judgement • On a sample basis, based on the high-value rebates and incentives paid, we and estimation by management each year in inspected the terms in the agreement and agreed them to inputs used in the establishing an appropriate accrual for rebates calculation and incentives earned at the year end due to the • Using data extraction tools, we agreed the sales volumes used in the varying terms given to different customers.",full-afs Tiger brands 2021.pdf,8,REVIEW REQUIRED
Unknown,2021.0,Social,Social,Social & Relationship Capital,"CONTENTS OVERVIEW TIGER BRANDS’ 2021 INTEGRATED REPORTING SUITE Our 2021 integrated reporting process comprises the following reports: IFC About this report 2 Who we are 4 Our value contribution in 2021 5 Our investment case 8 Celebrating our centenary Infort etheg yreaart eendde da 3n0 nSeupatelm rbeerp 20o2r1t OUR BUSINESS 10 Group profile 13 Chairman’s review 16 Chief executive officer’s review 20 Our business model 22 How we sustain value OUR OPERATING CONTEXT 24 Our operating environment 27 Our key relationships 30 Material risks and opportunities OUR STRATEGY 34 Delivering on our purpose: our strategy 35 Meet the needs of the consumer 40 Optimise our supply chain 42 Be obsessed about cost savings and efficiency 43 Build a growth pipeline 45 Ignite our people OUR PERFORMANCE 48 Financial review 50 Operational review 50 Grains 52 Consumer Brands 54 Home and Personal Care 55 Exports and International OUR GOVERNANCE 56 Our board 62 Our executive committee 64 Remuneration and performance ADMINISTRATION 82 Shareholders’ diary 83 Declaration of final dividend 84 Administration Tiger Brands Limited Integrated annual report 2021 › Integrated annual report 2021: Provides a succinct review of our strategy and business model, operating context, operational performance, and governance.",Integrated Annual Report 2021.pdf,2,REVIEW REQUIRED
Unknown,2021.0,Environmental,Environmental,Natural Capital,COMBINED ASSURANCE MATERIALITY We use a combined assurance model comprising assurance Our integrated annual report provides information to enable an obtained from management and from internal and external informed assessment of Tiger Brands’ capacity to create value assurance providers: over time.,Integrated Annual Report 2021.pdf,2,REVIEW REQUIRED
Unknown,2021.0,Social,Social,Human Capital,"› EmpowerLogic Proprietary Limited provided external verification team (pages 56 to 57 and 62 to 63) › of our BBBEE activities How we create value: Our business model and business › Marsh South Africa conducted risk control audits at our impacts (pages 20 to 23), key relationships (pages 27 to 29) › manufacturing sites and warehouses covering health, safety, What impacts value: Our operating environment (pages 24 to These are all available at www.tigerbrands.com security, fire protection and readiness 26), and material risks and opportunities (pages 30 to 33) › › The group’s internal audit team, overseen by the audit committee, Our strategic response: Our strategy and performance NAVIGATION provides annual assurance to the board on the execution of the (pages 34 to 47) › combined assurance plan.",Integrated Annual Report 2021.pdf,2,REVIEW REQUIRED
Unknown,2021.0,Governance,Governance,Intellectual Capital,"requirements contained in the International Financial Reporting Applying the principle of double materiality, our integrated report Standards (IFRS), the Value Reporting Foundation’s recently UNITED NATIONS SUSTAINABLE DEVELOPMENT focuses on enterprise value, while our sustainability report focuses updated International <IR> Framework, the King Code on GOALS (SDGs) on our impacts on society and the environment, and our contribution Corporate Governance 2016 (King IV™*), the JSE Listings The UN SDGs set a long-term to sustainable development.",Integrated Annual Report 2021.pdf,2,REVIEW REQUIRED
Unknown,2021.0,Environmental,Environmental,Natural Capital,"We believe that the report commitments and targets addresses all material matters and that it presents a balanced and fair account of Tiger Brands’ performance for the financial year ended relating to three key focus areas: 30 September 2021, as well as an accurate reflection of our strategic commitments.",Integrated Annual Report 2021.pdf,2,REVIEW REQUIRED
Unknown,2021.0,Governance,Governance,Intellectual Capital,"< > MATERIAL RISKS AND OPPORTUNITIES INHERENT RISK MAP Catastrophic 5 Critical 4 Significant 3 Minor 2 Insignificant 1 Senior management, across the divisions and business units, level as set by the board, which is informed by independent are responsible for leading the management of risks in their assessments of the effectiveness of our risk management 1 2 3 4 Unlikely Possible Likely Almost certain respective areas, while oversight at divisional level rests with arrangements.",Integrated Annual Report 2021.pdf,17,REVIEW REQUIRED
Unknown,2021.0,Environmental,Environmental,Natural Capital,both on an inherent basis (before controls) and a residual basis MATERIAL RISKS 1.,Integrated Annual Report 2021.pdf,17,REVIEW REQUIRED
Unknown,2021.0,Environmental,Environmental,Natural Capital,< > Material risks and opportunities continued 2.,Integrated Annual Report 2021.pdf,18,REVIEW REQUIRED
Unknown,2021.0,Social,Social,Human Capital,"Inability to respond to changes in market MATERIAL RISKS Risk trend /2020 ranking (10) MATERIAL RISKS 3.3 Changing consumer preferences Risk trend /2020 ranking (new) dynamics and competition CONTEXT AND VALUE IMPACT MITIGATING ACTIONS CONTEXT AND VALUE IMPACT MITIGATING ACTIONS › › › Changing market dynamics, customer Key account forums and joint business plans established with major customers The challenging macro-economic environment and Consumer and market insights team that is tracking market and consumer › consolidation and intensifying competition are Enhanced research and analytics, with monitoring of customer and brand changing market dynamics have led to a change behaviour and preferences through a variety of methodologies to guide and changing in response to constrained consumer strategies and performance in consumer behaviour and preferences including inform business decision making › › spending, and the rise of smaller niche players, Investing in strengthening our innovation, focusing on fewer and larger innovation uptake of e-commerce, increased focus on health Innovation director appointed who is reworking our innovation practices private label, and cheap imports.",Integrated Annual Report 2021.pdf,18,REVIEW REQUIRED
Unknown,2021.0,Social,Social,Human Capital,"MATERIAL RISKS 3.1 Covid-19 impacts Risk trend  /2020 ranking (2) MATERIAL RISKS 3.4 Information and cyber security Risk trend ó /2020 ranking (7) CONTEXT AND VALUE IMPACT MITIGATING ACTIONS › The high rate of Covid-19 infections and the response measures Operations managed responsibly with the health implemented by government and business, increased market uncertainty and safety of employees a top priority CONTEXT AND VALUE IMPACT MITIGATING ACTIONS and challenged risk management through the following: › Global raw material availability may impact finished Increasing interconnectivity, globalisation and › IT policies have been established to support the group’s approach to › Economic shutdown and reduced growth product supply levels in some categories.",Integrated Annual Report 2021.pdf,18,REVIEW REQUIRED
Unknown,2021.0,Social,Social,Human Capital,"and availability of information and technology › Various initiatives underway including multifactor authentication, identity resources, lead to disclosure of commercially and access governance, privileged access management, Information sensitive information, intellectual property and/or Technology and Operations Technology (IT/OT) convergence, data disruption to operations masking in our databases, and initiating a full review of all mimecast rule MATERIAL RISKS 3.2 Food quality and safety Risk trend /2020 ranking (5) › In addition to non-compliance risks, the release sets to obtain the right balance between tight security and usability › of any personal information also has negative Various external security specialist providers utilised to further enhance reputational and brand implications.",Integrated Annual Report 2021.pdf,18,REVIEW REQUIRED
Unknown,2021.0,Social,Social,Human Capital,"CONTEXT AND VALUE IMPACT MITIGATING ACTIONS › Challenges with food safety can have significant Revised good manufacturing practice (GMP) standards and food safety system implications in terms of: certification standard (FSSC 22000) implemented across the group, supported › MATERIAL RISKS 3.5 Data and information risk Risk trend ó /2020 ranking (8) Loss of life by standardised quality self-assessments for all our manufacturing sites, training › Reputational and brand damage of quality teams and a robust supplier quality management process › › Loss of market share Manufacturing, group legal and regulatory compliance functions collaborate › Disruptions to production to ensure products comply with regulatory standards and meet consumer › CONTEXT AND VALUE IMPACT MITIGATING ACTIONS Expensive product recall preferences.",Integrated Annual Report 2021.pdf,18,REVIEW REQUIRED
Unknown,2021.0,Environmental,Environmental,Natural Capital,For more information see material risks and opportunities on page 30.,Integrated Annual Report 2021.pdf,31,REVIEW REQUIRED
Unknown,2022.0,Environmental,Environmental,Natural Capital,"OUR OPERATING CONTEXT Our operating environment 24 OUR STR ATEGY Our key relationships 27 Material risks and opportunities 31 HOW TO NAVIGATE THE REPORT OUR STRATEGY Our strategy for sustainable profitable growth is supported by six strategic pillars, underpinned by our core values.",Integrated Annual Report 2022.pdf,2,REVIEW REQUIRED
Unknown,2022.0,Environmental,Environmental,Natural Capital,"t W at e io n b e o li f e t v h e e t i h n a fo t r t m he a t r i e o p n o i r n t this P re ro p v o id r e t s 2 a 0 s 2 u 2 ccinct review functions and oversight forums (such impacts on people, society and the The outcomes of this internal materiality addresses all material matters and that of our strategy and business By providing a frank review of our as the company secretariat environment.",Integrated Annual Report 2022.pdf,3,REVIEW REQUIRED
Unknown,2022.0,Social,Social,Social & Relationship Capital,"The IR assurance management structures importance, applying the principle of 30 September 2022, as well as an stakeholders who have an should be read in conjunction with our of the company such as risk Our materiality process double materiality.",Integrated Annual Report 2022.pdf,3,REVIEW REQUIRED
Unknown,2022.0,Environmental,Environmental,Natural Capital,"(AFS), all of which are available on › Third line of assurance: Internal audit, our IR and SR we ran an independently IR should be reasonably capable of the integrated report and the our website: external audit and other assurance facilitated materiality workshop in which influencing the decision of any report- consolidated annual financial providers who are independent of the senior management representatives user wishing to make an informed statements on 1 December 2022.",Integrated Annual Report 2022.pdf,3,REVIEW REQUIRED
Unknown,2022.0,Social,Social,Human Capital,"Marsh on our operating environment, key Noel Doyle on Corporate Governance 2016 South Africa conducted risk control Our impacts and influence on the relationships, and material risks and Chief executive officer Sustainability (King IVTM*), the JSE Listings audits at our manufacturing sites and capitals – reflecting on the most opportunities report 2022 Requirements, the South African warehouses covering health, safety, significant impacts of our activities Companies Act, No 71 of 2008, security, fire protection and (positive and negative, direct and Our strategy – outlining the current Reviews our performance and the GRI Sustainability Reporting readiness.",Integrated Annual Report 2022.pdf,3,REVIEW REQUIRED
Unknown,2022.0,Environmental,Environmental,Natural Capital,"and reviewing where we have the six strategic objectives Cora Fernandez impacts on people, society Materiality greatest potential to use our business Chairman of audit committee and the environment, and C C o om m b b in in e e d d a s a s s u s ra u n r c a e n r c e e fers to the I c n o l r i p ne o r w at i e th d t i h s e c lo la s te u s re t , d w ev e e h lo a p v m e a e d nt o i p n t ed a va c l t u iv e it i r e e s te t n o t i p o o n s a it n iv d e l g y r i o n w flu th e .",Integrated Annual Report 2022.pdf,3,REVIEW REQUIRED
Unknown,2022.0,Governance,Governance,Intellectual Capital,incorporation of all assurance services double materiality across our reporting divisional level and activities to optimise our risk and suite: Our operating environment – www.tigerbrands.com governance oversight function within identifying the most important trends Our governance – summarising the our risk appetite.,Integrated Annual Report 2022.pdf,3,REVIEW REQUIRED
Unknown,2022.0,Governance,Governance,Intellectual Capital,"All assurance in our operating environment (including role of our governance and providers co-ordinate efforts and Financial materiality: Our IR provides relevant sustainability-related risks and remuneration practices in creating reporting, ensuring alignment of disclosure on those issues – including opportunities) that we anticipate will value.",Integrated Annual Report 2022.pdf,3,REVIEW REQUIRED
Unknown,2022.0,Social,Social,Social & Relationship Capital,Overview Our business Our operating context Our strategy Our performance Our governance Tiger Brands Limited Integrated annual report 2022 www.tigerbrands.com OUR BUSINESS MODEL VALUE OUT OUR PURPOSE Our operating environment Material risks Sensitivity analysis › Nourish and nurture more lives everyday Trends impacting value: R1 Albany route-to-market Tiger Brands’ cost base is highly OUR PRODUCTS › A challenging macro-economic sensitive to exchange rate volatility Read more on IFC R2.1 Market responsiveness (OUTPUTS) environment with ~70% of our costs directly or › Shifting customer and consumer R2.2 Cost competitiveness indirectly exposed to exchange VALUE IN dynamics in an increasingly rates.,Integrated Annual Report 2022.pdf,12,REVIEW REQUIRED
Unknown,2022.0,Governance,Governance,Intellectual Capital,"Overview Our business Our operating context Our strategy Our performance Our governance Tiger Brands Limited Integrated annual report 2022 www.tigerbrands.com OUR KEY RELATIONSHIPS CONTINUED MATERIAL RISKS AND OPPORTUNITIES SUPPLIERS Link to strategy Provide the services and products that form the basis of our products and activities RISK GOVERNANCE products, and strategies to identify Risk appetite and tolerance How we engage What is important Responding to risks specific to them, which are The board governs risk in a manner General risk appetite and tolerance suppliers to suppliers supplier interests reported to the group level for that supports Tiger Brands in setting ranges are defined by group executive Supplier forums Timely payment and fair terms Negotiate with strategic suppliers to and achieving its strategic objectives.",Integrated Annual Report 2022.pdf,17,REVIEW REQUIRED
Unknown,2022.0,Environmental,Environmental,Natural Capital,"e B s u a s n in d e m ss a u n n a i g t es The design, implementation and SED projects See sustainability report philosophy of continuous improvement, business unit risks and reports the operation of the risk and combined tempered by the need to remain most material risks to the group assurance arrangements are fit-for-purpose.",Integrated Annual Report 2022.pdf,17,REVIEW REQUIRED
Unknown,2022.0,Social,Social,Human Capital,Tiger Brands Limited Integrated annual report 2022 www.tigerbrands.com R1 R2.1 R3.1 Catastrophic 5 R3.2 R3.3 R2.2 R3.4 R4 Critical 4 Significant 3 Minor 2 Insignificant 1 1 2 3 4 Unlikely Possible Likely Almost certain R1 Albany route-to-market R2.1 Market responsiveness R2.2 Cost competitiveness R3.1 Food safety R3.2 Cyber security R3.3 Occupational Health and Safety (OHS) R3.4 Industrial action R4 Third-party supplier risk 3322 tcapmI INHERENT RISK MAP Likelihood Catastrophic 5 R1 Critical 4 R2.1 R2.2 R4 Significant 3 Minor 2 Insignificant 1 1 2 3 4 Unlikely Possible Likely Almost certain tcapmI Overview Our business Our operating context Our strategy Our performance Our governance MATERIAL RISKS AND OPPORTUNITIES CONTINUED This active and continuous process Following management’s intervention reflecting the company’s cautious dynamic and often uncontrollable of engagement with risks provides through various remediation stance on these risks.,Integrated Annual Report 2022.pdf,18,REVIEW REQUIRED
Unknown,2022.0,Environmental,Environmental,Natural Capital,"Once evidence is Our material risks are those that exceed apparent, the residual risk ratings for The following table briefly reviews the The positioning of Albany route-to- our residual tolerance level and are thus these risks will be reassessed.",Integrated Annual Report 2022.pdf,18,REVIEW REQUIRED
Unknown,2022.0,Environmental,Environmental,Natural Capital,to residual level because of the The heat map represents the inherent risk profile of our material risks.,Integrated Annual Report 2022.pdf,18,REVIEW REQUIRED
Unknown,2022.0,Social,Social,Social & Relationship Capital,"Overview Our business Our operating context Our strategy Our performance Our governance Tiger Brands Limited Integrated annual report 2022 www.tigerbrands.com MATERIAL RISKS AND OPPORTUNITIES CONTINUED 2.2 COST Context and value impact Mitigating actions 3.2 CYBER SECURITY Context and value impact Mitigating actions COMPETITIVENESS Our supply chain remains a central › Prioritising the availability of stock Any risk of financial loss, Increasing interconnectivity, Our five-year cyber security roadmap Decline in competitiveness component of our ability to remain to ensure consistent service levels disruption or damage to globalisation and “commercialisation” is mitigating key risks identified through due to higher input costs cost competitive.",Integrated Annual Report 2022.pdf,19,REVIEW REQUIRED
Unknown,2022.0,Social,Social,Human Capital,"Overview Our business Our operating context Our strategy Our performance Our governance Tiger Brands Limited Integrated annual report 2022 www.tigerbrands.com MATERIAL RISKS AND OPPORTUNITIES CONTINUED OUR STR ATEGY Tiger Brands is one of 3.4 INDUSTRIAL Context and value impact Mitigating actions ACTION Africa’s largest listed DELIVERING ON OUR PURPOSE: Within a context of labour-dependent › Embedding an employee relations Deteriorating labour relations manufacturing that is unionised the strategy that is geared towards manufacturers of OUR STRATEGY and associated disruption threat of industrial action remains creating labour stability and a great of our value chain prevalent, especially during wage place to work FMCG.",Integrated Annual Report 2022.pdf,20,REVIEW REQUIRED
Unknown,2023.0,Environmental,Environmental,Natural Capital,"SUSTAINABILITY REPORT 2023 Reviews our performance in managing our most significant impacts on people, society and the environment (impact materiality), and in addressing the significant sustainability-related risks and opportunities that could reasonably be expected to affect cash flows, access to finance, or cost of capital over the short, medium or long term (financial materiality).",Integrated Annual Report 2023.pdf,2,REVIEW REQUIRED
Unknown,2023.0,Environmental,Environmental,Natural Capital,"Our key relationships 28 OUR OPERATING CONTEXT ANNUAL FINANCIAL STATEMENTS 2023 Our strategy Our operating environment 32 Material risks and opportunities 37 Our strategy for sustainable profitable growth is supported by six strategic pillars, OUR STRATEGY underpinned by our core values.",Integrated Annual Report 2023.pdf,2,REVIEW REQUIRED
Unknown,2023.0,Governance,Governance,Intellectual Capital,Overview Our business Our operating context Our strategy Our performance Governance Tiger Brands Limited Integrated annual report 2023 www.tigerbrands.com About this report Report audience and purpose Our approach to materiality Our strategy – reflecting on the robustness of our strategy operational audit and risk committees) – all risk and Tiger Brands’ integrated report (IR) is our primary annual In response to recent developments in global disclosure to ensure Tiger Brands’ long-term resilience is informed assurance management structures of the company such report in our annual reporting suite.,Integrated Annual Report 2023.pdf,3,REVIEW REQUIRED
Unknown,2023.0,Governance,Governance,Intellectual Capital,"as risk management, compliance and legal services for existing and potential investors and providers of capital materiality” across our reporting suite.",Integrated Annual Report 2023.pdf,3,REVIEW REQUIRED
Unknown,2023.0,Environmental,Environmental,Natural Capital,"› Third line of assurance: Internal audit, external audit and who have an interest in Tiger Brands’ capacity to create value The outcomes of this internal materiality process informed the other assurance providers who are independent of the over the short, medium and long term, and who are Financial materiality: Our IR provides information on those content and structure of our IR and SR.",Integrated Annual Report 2023.pdf,3,REVIEW REQUIRED
Unknown,2023.0,Environmental,Environmental,Natural Capital,"This year, Deloitte & Touche Although this report will be of interest to a broad range of Tiger Brands’ future cash flows over the short term (less importance, applying the principle of double materiality.",Integrated Annual Report 2023.pdf,3,REVIEW REQUIRED
Unknown,2023.0,Social,Social,Human Capital,"Marsh South Africa Impact materiality: Our SR provides disclosure on the IR is structured in a manner to enable such an assessment, conducted risk control audits at our manufacturing sites By providing a frank review of our business model and most significant impacts of our operations and activities by providing information on: our business ( pages 10 to 26), and warehouses1, covering health, safety, security, fire strategy, the risks and opportunities in our operating on people, society and the environment over the short, our operating context ( pages 32 to 41), our strategy protection and readiness environment, and our governance activities and performance medium or long term; this includes impacts caused by the ( pages 43 to 58) and our governance ( pages 70 to 96).",Integrated Annual Report 2023.pdf,3,REVIEW REQUIRED
Unknown,2023.0,Environmental,Environmental,Natural Capital,We have also made provision in the ( page 32) are often seen as constituting a discrete set our collective responsibility for ensuring the integrity in conjunction with our sustainability report (SR) and our SR for financially-material ESG risks and opportunities of material issues.,Integrated Annual Report 2023.pdf,3,REVIEW REQUIRED
Unknown,2023.0,Environmental,Environmental,Natural Capital,"of this report, which was drafted with input from all audited annual financial statements (AFS), available on our impacting the business, thus adopting a “double materiality” members of the executive team.",Integrated Annual Report 2023.pdf,3,REVIEW REQUIRED
Unknown,2023.0,Environmental,Environmental,Natural Capital,We believe that the report Noting the growing call from investors and analysts for Our materiality process once again not to list a separate set of material issues.,Integrated Annual Report 2023.pdf,3,REVIEW REQUIRED
Unknown,2023.0,Governance,Governance,Intellectual Capital,"is presented in accordance with the Integrated Reporting To identify the issues for inclusion in our IR and SR, we ran Framework, and that it presents a balanced and fair Reporting frameworks Report boundary an independently facilitated materiality workshop in which account of Tiger Brands’ performance, governance The reporting process across our reporting suite complies management representatives from across the company In assessing those issues that materially impact value practices and operating context for the financial year with the following regulatory requirements: considered the following issues: creation, we have looked beyond the conventional financial ended 30 September 2023, as well as an accurate › South African Companies Act, 71 of 2008 (as amended) reporting boundary to provide for the relevant interests of key reflection of our strategic commitments.",Integrated Annual Report 2023.pdf,3,REVIEW REQUIRED
Unknown,2023.0,Environmental,Environmental,Natural Capital,"› Long-standing market-leading position in branded food Reliable and sustainable access to NC primary agricultural products and beverages (including wheat, rice, maize, oats, › Our Billion Rand Brands, many of which are rated first GROCERIES MATERIAL RISKS sugar and sorghum), other or second in their categories ingredients, packaging, energy, › Robust marketing strategy, ensuring our brands remain fuel and water 1.1 Market responsiveness 2.5 Consumer preferences top-of-mind, supported by targeted investment Well-capitalised manufacturing MC plants, supported by efficient and 1.2 Cost competitiveness 2.6 Third-party supplier risks › Far-reaching distribution capabilities effective supply chain, distribution 2.1 People security 2.7 Industrial action › The strength and quality of our customer relationships and logistics networks 2.2 People safety 2.8 Insufficient electricity supply › Strong consumer insights informing our category strategies BABY NUTRITION AND WELLBEING Strong and trusted corporate brand, SRC 2.3 Food safety 2.9 Security of food supply positive supplier and customer relations, and constructive 2.4 Cyber security relationship with government, Climate change: a particular risk type Read more on pages 37 to 42.",Integrated Annual Report 2023.pdf,13,REVIEW REQUIRED
Unknown,2023.0,Governance,Governance,Intellectual Capital,Our operating context Overview Our business Our strategy Our performance Governance Tiger Brands Limited Integrated annual report 2023 www.tigerbrands.com Material risks and opportunities Our operating environment continued Risk management arrangements 5.,Integrated Annual Report 2023.pdf,20,REVIEW REQUIRED
Unknown,2023.0,Social,Social,Human Capital,"fair labour and remuneration practices, and promoting highlighted the risks for the availability, quality and pricing of essential raw materials, for the resilience of distribution responsible environmental practices within our Risk profiling and oversight oversees and manages category-specific risks and reports the operations and across our supply chain and supply chains, and for the robustness of manufacturing We adopt a comprehensive approach to identifying risks that material risks to the group executive committee through the › Our forward-looking approach to addressing our and productivity.",Integrated Annual Report 2023.pdf,20,REVIEW REQUIRED
Unknown,2023.0,Social,Social,Social & Relationship Capital,Our top risks Our material risks are those that exceed our residual risk tolerance level and are thus identified as having the most material implications for Tiger Brands and its stakeholders.,Integrated Annual Report 2023.pdf,21,REVIEW REQUIRED
Unknown,2023.0,Environmental,Environmental,Natural Capital,The inherent risk heat map presented below represents the inherent risk profile of our material risks.,Integrated Annual Report 2023.pdf,21,REVIEW REQUIRED
Unknown,2023.0,Governance,Governance,Intellectual Capital,"tcapmI INHERENT RISK MAP Catastrophic – 5 Critical – 4 Significant – 3 Minor – 2 Insignificant – 1 1 – Unlikely 2 – Possible 3 – Likely 4 – Almost certain Likelihood tcapmI Our operating context Overview Our business Our strategy Our performance Governance Tiger Brands Limited Integrated annual report 2023 www.tigerbrands.com Material risks and opportunities continued The following table reviews the Material risk Material risk Material risk Material risk implications, mitigation measures, and year-on-year trend in the risk rating for 1.2 COST 2.1 P EOPLE 2.2 P EOPLE 2.3 F OOD each of our top risks.",Integrated Annual Report 2023.pdf,21,REVIEW REQUIRED
Unknown,2023.0,Environmental,Environmental,Natural Capital,"Given the growing materiality of this Strategic pillar: roll-out of a technology-enabled issue, we are maturing our processes to identify, assess and remediate the quality system to be phased in climate-related risks across our value chain.",Integrated Annual Report 2023.pdf,21,REVIEW REQUIRED
Unknown,2023.0,Social,Social,Human Capital,"Our operating context Overview Our business Our strategy Our performance Governance Tiger Brands Limited Integrated annual report 2023 www.tigerbrands.com Material risks and opportunities continued Material risk Material risk Material risk Material risk Material risk Material risk 2.4 C YBER 2.5 C ONSUMER 2.6 THIRD-PARTY 2.7 I NDUSTRIAL 2.8 INSUFFICIENT 2.9 SECURITY OF SECURITY PREFERENCES SUPPLIER RISKS ACTION ELECTRICITY SUPPLY FOOD SUPPLY Any risk of financial loss, disruption or Failure to understand and respond Failing to adequately manage Deteriorating labour relations and Insufficient availability, or inadequate Brand rationalisation due to adverse damage to Tiger Brands’ reputation effectively to changing consumer risks associated with outsourced associated disruption to our value quality of supplied electricity.",Integrated Annual Report 2023.pdf,22,REVIEW REQUIRED
Unknown,2023.0,Environmental,Environmental,Natural Capital,Our operating context Overview Our business Our strategy Our performance Governance Tiger Brands Limited Integrated annual report 2023 www.tigerbrands.com Our strategy Material risks and opportunities continued Tiger Brands is one of Africa’s largest listed manufacturers of fast-moving Climate change: a particular risk type consumer goods (FMCG).,Integrated Annual Report 2023.pdf,23,REVIEW REQUIRED
Unknown,2024.0,Environmental,Environmental,Natural Capital,"Aimed primarily at existing and potential Our operating context investors, lenders and other creditors, it is written for use by all parties who 34 Our operating environment 2 WE N 0 OUR 2 ISH 4 AND NURTURE MORE LIVES EVERY DAY have an interest in Tiger Brands’ 40 Material risks and opportunities long-term performance.",Integrated annual Report 2024.pdf,2,REVIEW REQUIRED
Unknown,2024.0,Social,Social,Human Capital,"58 Superior channel presence 61 Our strategic enablers Competitive Sustainable Ignite our Federated Game-changing Competitive WE NOURISH AND NURTURE MORE LIVES EVERY DAY digital agricultural 2024 Our performance people operating model innovation manufacturing ANNUAL FINANCIAL STATEMENTS ENTER capabilities sourcing for the year ended 30 September 2024 68 Chief financial officer’s review 72 Milling and Baking OUR VALUES Sustainability report 2024 73 Grains Winning How to navigate Reviews our performance in managing 74 Culinary We treat each other behaviours the report our most significant impacts on people, with care and respect society and the environment (impact 75 Snacks, Treats and Beverages materiality), and in addressing the We deliver with passion Consumer Reference to further significant sustainability-related risks 76 Home, Personal Care & Baby (HPCB) online disclosure and excellence obsession and opportunities that could reasonably 77 International be expected to affect cash flows, access Safety and quality are Teamwork Further reading in to finance, or cost of capital over the Governance non-negotiable for us the sustainability 2 WE N 0 OUR 2 ISH 4 AND NURTURE MORE LIVES EVERY DAY short, medium or long term We embrace diversity Empowered report S Sup U pl S em T en A t t I o N th A e in B te I g L rat I e T d Y an nu R al E re P por O t fo R r t T he year ended 30 September 2024 ENTER (financial materiality).",Integrated annual Report 2024.pdf,2,REVIEW REQUIRED
Unknown,2024.0,Governance,Governance,Intellectual Capital,Overview Our business About this report Our operating context Our strategy Our performance Governance Appendices www.tigerbrands.com Report audience and purpose Our approach to materiality Our strategy: Reflecting on the robustness of our current operational audit and risk committees) – all risk and strategy to ensure Tiger Brands’ long-term resilience is assurance management structures of the company such Tiger Brands’ integrated report (IR) is our primary annual In response to recent developments in global disclosure informed by the above analysis.,Integrated annual Report 2024.pdf,3,REVIEW REQUIRED
Unknown,2024.0,Environmental,Environmental,Natural Capital,"The IR is written mainly standards and frameworks, we have adopted double for existing and potential investors, lenders and other materiality across our reporting suite.",Integrated annual Report 2024.pdf,3,REVIEW REQUIRED
Unknown,2024.0,Environmental,Environmental,Natural Capital,"The outcomes of this internal materiality process informed Third line of assurance: Internal audit, external audit creditors who have an interest in Tiger Brands’ capacity the content and structure of our IR and SR.",Integrated annual Report 2024.pdf,3,REVIEW REQUIRED
Unknown,2024.0,Environmental,Environmental,Natural Capital,"We prioritised and other assurance providers who are independent of the to create value over the short, medium and long term, and Financial materiality: Our IR provides information on those the matters for inclusion in these reports based on their operational activities of the company and provide assurance those who are assessing whether to provide resources to the matters that are likely to influence report users’ assessment relative importance, applying the principle of double materiality.",Integrated annual Report 2024.pdf,3,REVIEW REQUIRED
Unknown,2024.0,Social,Social,Human Capital,"Marsh South Africa conducted risk Our IR is structured in a manner to enable such an control audits at our manufacturing sites and warehouses Impact materiality: Our SR provides disclosure on the By providing a frank review of our business model and assessment, by providing information on our business covering health, safety, security, fire protection and most significant impacts of our operations and activities strategy, the risks and opportunities in our operating (see pages 10 to 28), our operating context (see pages 30 readiness.",Integrated annual Report 2024.pdf,3,REVIEW REQUIRED
Unknown,2024.0,Environmental,Environmental,Natural Capital,We have also acknowledge our collective responsibility for ensuring constituting a discrete set of material issues.,Integrated annual Report 2024.pdf,3,REVIEW REQUIRED
Unknown,2024.0,Governance,Governance,Intellectual Capital,The board has assessments of value creation; hence we have chosen once double materiality perspective for our sustainability report.,Integrated annual Report 2024.pdf,3,REVIEW REQUIRED
Unknown,2024.0,Environmental,Environmental,Natural Capital,applied its collective mind to the preparation and again not to list a separate set of material issues.,Integrated annual Report 2024.pdf,3,REVIEW REQUIRED
Unknown,2024.0,Governance,Governance,Intellectual Capital,"We Reporting frameworks Our materiality process believe that the report presents a balanced and fair Report boundary The reporting process across our reporting suite account of Tiger Brands’ performance, governance To identify the issues for inclusion in our IR and SR we ran complies with the following regulatory requirements: In assessing those issues that materially impact value practices and operating context for the financial year an independently facilitated materiality workshop in which « South African Companies Act, 71 of 2008 (as creation we have looked beyond the conventional financial ended 30 September 2024, as well as an accurate management representatives from across the company amended) reporting boundary to provide for the relevant interests of reflection of our strategic commitments.",Integrated annual Report 2024.pdf,3,REVIEW REQUIRED
Unknown,2024.0,Social,Social,Social & Relationship Capital,Our top risks Our material risks are those that exceed our residual risk tolerance level and are thus identified as having the most material implications for Tiger Brands and its stakeholders.,Integrated annual Report 2024.pdf,22,REVIEW REQUIRED
Unknown,2024.0,Environmental,Environmental,Natural Capital,Risk management arrangements We believe that effective risk management practices The inherent risk heat map presented below represents the generate additional benefits beyond the value protection inherent risk profile of our material risks.,Integrated annual Report 2024.pdf,22,REVIEW REQUIRED
Unknown,2024.0,Governance,Governance,Intellectual Capital,Business unit-level The board has assigned oversight responsibilities for management oversees and manages category-specific risk governance and the development of appropriate risks and reports the material risks to the group executive organisational and cultural maturity to the risk and committee through the operational risk management sustainability committee.,Integrated annual Report 2024.pdf,22,REVIEW REQUIRED
Unknown,2024.0,Governance,Governance,Intellectual Capital,"tcapmI Inherent risk map Catastrophic – 5 Critical – 4 Significant – 3 Minor – 2 Insignificant – 1 4 – Almost 1 – Unlikely 2 – Possible 3 – Likely certain Likelihood tcapmI Overview Our business Material risks and opportunities Our operating context Our strategy Our performance Governance Appendices www.tigerbrands.com We believe that effective risk management practices generate additional benefits beyond the value protection outcomes typically associated with remediation, the risks are potentially a threat to the group as a going concern and thus merit management attention.",Integrated annual Report 2024.pdf,22,REVIEW REQUIRED
Unknown,2024.0,Governance,Governance,Intellectual Capital,"Overview Our business Our operating context Material risks and opportunities continued Our strategy Our performance Governance Appendices www.tigerbrands.com The following table reviews the implications, mitigation measures and year-on-year trend in the risk rating for each of our Context and value impact top seven risks in terms of their residual risk score.",Integrated annual Report 2024.pdf,23,REVIEW REQUIRED
Unknown,2024.0,Environmental,Environmental,Natural Capital,"Given the growing materiality of this issue, we are maturing our processes to identify, assess and remediate the globally of the increase in salmonella and aflatoxin.",Integrated annual Report 2024.pdf,23,REVIEW REQUIRED
Unknown,2024.0,Environmental,Environmental,Natural Capital,"Harm to the consumer caused either by foodborne illnesses relevant to our food products, Mitigating actions or undesired skin/body reactions relevant to our Context and value impact Material risks personal and home care products.",Integrated annual Report 2024.pdf,23,REVIEW REQUIRED
Unknown,2024.0,Social,Social,Social & Relationship Capital,"Overview Our business Our operating context Material risks and opportunities continued Our strategy Our performance Governance Appendices www.tigerbrands.com Context and value impact Context and value impact 1.6 Volatility of agricultural 1.8 Digital transformation Our global and local supply chain is increasingly affected by climatic conditions that Delivering digital transformation in a sufficiently timely manner is essential to remaining crop supply impact not only the location, availability, accessibility, and price of our raw materials, execution pace competitive to ensuring deeper market penetration of our products.",Integrated annual Report 2024.pdf,24,REVIEW REQUIRED
Unknown,2024.0,Environmental,Environmental,Natural Capital,Overview Our business Our operating context Material risks and opportunities continued Our strategy Our performance Governance Appendices www.tigerbrands.com Climate change: A particular risk type We do not classify climate change as a single risk.,Integrated annual Report 2024.pdf,25,REVIEW REQUIRED
Unknown,2025.0,Governance,Governance,Intellectual Capital,"39 Material risks and opportunities Governance Our strategy THE HOW 97 Protecting value through good governance This means we are constantly working to make quality products affordable and available, from the biggest cities to the smallest villages.",Integrated Report For the year ended-2025.pdf,2,REVIEW REQUIRED
Unknown,2025.0,Environmental,Environmental,Natural Capital,"Adopting a “double materiality” approach, we also include the company strategy and improved business performance.",Integrated Report For the year ended-2025.pdf,3,REVIEW REQUIRED
Unknown,2025.0,Governance,Governance,Intellectual Capital,"The board has applied its collective mind to the preparation and organisations and the media – the primary purpose of this within the organisation, directing the effort of the three lines report is to inform the decisions of report-users relating to Our materiality process of assurance: presentation of the information in this report.",Integrated Report For the year ended-2025.pdf,3,REVIEW REQUIRED
Unknown,2025.0,Governance,Governance,Intellectual Capital,"To identify the issues for inclusion in our IAR we ran an « First line of assurance: All levels of management – of Tiger Brands’ performance, governance practices independently facilitated materiality workshop in which covering strategy development and implementation, and operating context for the financial year ended By providing a frank review of our business model and management representatives from across the company performance measurement, risk management, and 30 September 2025, as well as an accurate reflection strategy, the risks and opportunities in our operating considered the following issues: company control and monitoring of assurance to laws of our strategic commitments, including sustainability.",Integrated Report For the year ended-2025.pdf,3,REVIEW REQUIRED
Unknown,2025.0,Environmental,Environmental,Natural Capital,Our IAR and opportunities (adopting “double materiality”).,Integrated Report For the year ended-2025.pdf,3,REVIEW REQUIRED
Unknown,2025.0,Social,Social,Social & Relationship Capital,"REPORT BOUNDARY OUR APPROACH TO MATERIALITY In assessing those issues that materially impact value Our approach to materiality is informed by the objective of creation we have looked beyond the conventional financial ensuring that all the information in the IAR is material, in that reporting boundary to provide for the relevant interests of it should be reasonably capable of influencing the decision of key stakeholders.",Integrated Report For the year ended-2025.pdf,3,REVIEW REQUIRED
Unknown,2025.0,Environmental,Environmental,Natural Capital,"NECESSARY RESOURCES SIGNIFICANT RELATIONSHIPS OUR OPERATING ENVIRONMENT Experienced, diverse leadership team Strong and trusted corporate brand, positive « Consumers « Investors Material trends impacting value: Human capital (HC) and skilled employees, underpinned Social and relationship capital (SRC) supplier and customer relations, and « Employees and trade « Suppliers « Sustained pressure on consumer disposable income by strong governance structures constructive relationship with government, union partners « Communities and food security regulators and host communities Reliable and sustainable access to « Customers « Media « Uncertain global, regional and national macro-economic Natural capital (NC) primary agricultural products (including Continuous investment in our brands wheat, rice, oats, sugar and sorghum), Intellectual capital (IC) through research and development, « Government landscape as well as other ingredients, marketing investment and innovation « Highly competitive market environment with changing packaging, electricity, fuel and water informed by strong consumer insights consumer dynamics Manufactured capital (MC) W su e p l p l-c o a rt p e i d ta b lis y e e d f fi m ci a e n n u t f a a n c d tu e ri f n fe g c p ti l v a e n ts, Financial capital (FC) A ca c s c h e s g s e n to e r fi a n t a io n n c i a a n l d c a e p n it h a a l, n t c h e r d ou b g y h s s u t p ro e n ri g o r « Continuing pressure from sustainability-related issues supply chai",Integrated Report For the year ended-2025.pdf,14,REVIEW REQUIRED
Unknown,2025.0,Social,Social,Human Capital,"Provide the services and raw materials that form the basis of our products and activities How we engage suppliers Issues raised by suppliers Responding to supplier interests « Supplier forums « Timely payment and fair terms « Negotiate with strategic suppliers to « Site visits « Collaboration and partnering secure requirements « Supplier assessments « B-BBEE commitments « Collaborating with Tiger Brands’ OUR OPERATING CONTEXT « Supplier relationship management « Enterprise and supplier Enterprise and Supplier Development via digital platforms development programme to diversify the supply base « Supplier satisfaction surveys « Health and safety standards with a focus on, black-owned and black « Ease of doing business through women-owned suppliers self-service portals « Engage key suppliers to drive procurement efficiencies and improve 34 Our operating environment B-BBEE commitments and innovation 39 Material risks and opportunities « Reviewed supplier quality programme being rolled out in line with enhanced internal quality protocols « Utilise technology to enhance communication and administrative channels « Develop category strategies to work with suppliers beyond a price focus Communities Provide the social capital and licence to operate for the business to succeed How we engage communities Issues raised by communities Responding to community interests « Community NGO implementation « Food security and related « Partner with government, industry peers partnerships nutrition ",Integrated Report For the year ended-2025.pdf,18,REVIEW REQUIRED
Unknown,2025.0,Social,Social,Social & Relationship Capital,"Overview Our business Our operating context Our strategy OUR OPERATING ENVIRONMENT MATERIAL RISKS AND OPPORTUNITIES Our performance continued Our sustainability strategy Governance Shareholder information www.tigerbrands.com Our strategic response RISK MANAGEMENT ARRANGEMENTS We believe that effective risk management practices We manage our risks to support the achievement of our generate additional benefits beyond the value protection « To ensure more effective penetration in a challenging market, we have strengthened our focus on consumer and customer strategic objectives by identifying opportunities to protect, outcomes typically associated with risk remediation engagement and prioritised the execution of shopper-centric segmentation of our trade channels.",Integrated Report For the year ended-2025.pdf,21,REVIEW REQUIRED
Unknown,2025.0,Environmental,Environmental,Natural Capital,"risks and reports the material risks to the group executive and best-practice adoption in functions that can provide material efficiency benefits ( page 61) committee through the operational audit and risk « We are actively expanding our reach in general trade, and we have refreshed our strategy to best defend our product The group executive committee, supported by business management committee.",Integrated Report For the year ended-2025.pdf,21,REVIEW REQUIRED
Unknown,2025.0,Environmental,Environmental,Natural Capital,"MATERIAL RISKS AND OPPORTUNITIES continued The following table reviews the implications, mitigation measures and year- on-year trend in the risk rating for each of our top risks.",Integrated Report For the year ended-2025.pdf,22,REVIEW REQUIRED
Unknown,2025.0,Social,Social,Human Capital,Material risks Context and value impact Mitigating actions 1.1 Security of supply Tiger Brands collaborates with various Our mitigation programme is centred around the supply chain partners to deliver on its following key activities: Failing to adequately strategies.,Integrated Report For the year ended-2025.pdf,22,REVIEW REQUIRED
Unknown,2025.0,Environmental,Environmental,Natural Capital,"quantity of supply of the following and/or optimising our manufacturing processes agricultural products has been to accommodate reformulated products 2.2 Changing consumer preferences (16) 2.4 Changing consumer preferences (12) Risk trend: stable affected by weather patterns: « Stockpiling raw materials to protect against 2024 Ranking (Joint 1) « Sorghum shortages, inaccessibility or price volatility 2.3 Macro-economic outlook (impact on premium brands) (16) 2.5 Macro-economic outlook (impact on premium brands) (12) « Wheat « Applying technology or alternative processes to 2.4 Quality of data and integrated systems (16) 2.6 Quality of data and integrated systems (12) « Small white beans improve production of raw material or substitutes, « Ground nuts and enhance forecasting of key aspects such as 2.5 Pace of technology adoption (16) 2.7 Pace of technology adoption (12) « Tomatoes planting dates and precipitation patterns 2.6 Evolving trade environment (16) 2.8 Evolving trade environment (12) « Canola STRATEGIC RESPONSE « Soya beans 3.1 Political uncertainty (12) 2.9 Political uncertainty (12) Sustainable agricultural sourcing ( page 64) tcapmI Inherent risk map Catastrophic – 5 Critical – 4 Significant – 3 Minor – 2 Insignificant – 1 4 – Almost 1 – Unlikely 2 – Possible 3 – Likely certain Likelihood tcapmI Overview Our business Our operating context Our strategy Our performance Our sustainability strategy Governance Shareholder information www.tigerbrands.com Our material ris",Integrated Report For the year ended-2025.pdf,22,REVIEW REQUIRED
Unknown,2025.0,Environmental,Environmental,Natural Capital,The inherent risk heat map presented below represents the inherent risk profile of our material risks.,Integrated Report For the year ended-2025.pdf,22,REVIEW REQUIRED
Unknown,2025.0,Governance,Governance,Intellectual Capital,"Overview Our business Our operating context Our strategy MATERIAL RISKS AND OPPORTUNITIES Our performance continued Our sustainability strategy Governance Shareholder information www.tigerbrands.com Material risks Context and value impact Mitigating actions Material risks Context and value impact Mitigating actions 1.3 Geopolitical The dynamic socio-political and Our mitigation response includes the following: 2.3 Cyber security The increasing interconnectivity, We are mitigating this risk through various initiatives: instability economic context in our Rest of Africa « Concluding contracts with key distributors in threats globalisation and commercialisation « We have successfully implemented a fast-tracked markets creates significant each country, as a means of cushioning impacts of cyber crime is driving greater cyber security roadmap Social and political uncertainty.",Integrated Report For the year ended-2025.pdf,23,REVIEW REQUIRED
Unknown,2025.0,Governance,Governance,Intellectual Capital,"Overview Our business Our operating context Our strategy MATERIAL RISKS AND OPPORTUNITIES Our performance continued Our sustainability strategy Governance Shareholder information www.tigerbrands.com SUSTAINABILITY-RELATED IMPACTS, RISKS AND OPPORTUNITIES Material risks Context and value impact Mitigating actions The table below provides a generalised overview of the principal sustainability-related impacts, risks and opportunities associated with our business activities.",Integrated Report For the year ended-2025.pdf,24,REVIEW REQUIRED
Unknown,2025.0,Environmental,Environmental,Natural Capital,"trade and continuing to identify and realise opportunities in e-commerce and alternative As reflected in our group material risks, GHG emissions from our direct operations and channels manufacturing plants, purchased electricity, upstream manufacturing and agriculture (land Climate change conversion) and manufacturing, and downstream transport contribute to climate change.",Integrated Report For the year ended-2025.pdf,24,REVIEW REQUIRED
Unknown,2025.0,Governance,Governance,Intellectual Capital,"Overview Our business Our operating context Our strategy MATERIAL RISKS AND OPPORTUNITIES Our performance continued Our sustainability strategy STRATEGIC BOLDNESS Governance Shareholder information www.tigerbrands.com Our strategy remains unchanged, with clear ambitions, key strategic Sustainability-related risks thrusts and strategic enablers.",Integrated Report For the year ended-2025.pdf,25,REVIEW REQUIRED
Unknown,2025.0,Environmental,Environmental,Natural Capital,"« Top-down process: We also identify and monitor Bribery and corruption sustainability and climate-related risk top-down at a Materiality process strategic level in relation to our strategic business Stakeholder engagement Our independently facilitated annual materiality process objectives as part of our enterprise risk management Procurement practice helps identify and validate our most material sustainability (ERM) processes and we include these risks in the group issues, guiding strategy and disclosure while onboarding Risk management risk profile.",Integrated Report For the year ended-2025.pdf,54,REVIEW REQUIRED
Unknown,2025.0,Environmental,Environmental,Natural Capital,"MATERIALITY AND LITIGATION STATEMENT Electronic and in person participation There are no material changes to the financial or trading position of the company and/or the group, save for the pending The AGM will be conducted as an in-person meeting and by electronic communication (including voting) as contemplated class action for which there is insurance coverage.",Integrated Report For the year ended-2025.pdf,71,REVIEW REQUIRED
Unknown,2022.0,Environmental,Environmental,Natural Capital,"opinion the Integrated Annual Report addresses all We have 123 branded retail outlets under the Spitz, material issues, and presents fairly the integrated Kurt Geiger, Green Cross, GX&Co and Gant brands.",Integrated-Annual-Report-June-2022.pdf,3,REVIEW REQUIRED
Unknown,2022.0,Social,Social,Human Capital,newsletters and posters) on material issues and regulations affecting employees • Conferences and general staff meetings • Performance appraisals • Union representative forums • Workplace forums such as the employment equity and learning and development forums • Industry relevant Sector Education and Training Authorities • Independent anonymous reporting hotline • Intranet-based incident reporting system • Ad hoc events 34,Integrated-Annual-Report-June-2022.pdf,36,REVIEW REQUIRED
Unknown,2022.0,Governance,Governance,Intellectual Capital,"Within the governance framework, held and, where appropriate, civil and criminal action material issues are highlighted in management reports has been taken.",Integrated-Annual-Report-June-2022.pdf,37,REVIEW REQUIRED
Unknown,2022.0,Environmental,Environmental,Natural Capital,"The Company will consider the metrics and issues in a way that focuses on material issues and disclosures with a view to continual improvement of provides a balanced view of the economic, social and its own reporting and the setting of relevant environmental aspects of the Company to objectives and targets.",Integrated-Annual-Report-June-2022.pdf,50,REVIEW REQUIRED
Unknown,2022.0,Social,Social,Human Capital,"sustainable development report continued Index of material issues (referencing the 2016 GRI Standards) Page/not Aspect Core indicator reported Organisational 102-1 Name of the organisation Inside back cover profile 102-2 Activities, brands, products and services 1 102-3 Location of headquarters Inside back cover 102-4 Location of operations 107 102-5 Ownership and legal form Inside back cover, 94, 95, 132 102-6 Markets served 1, 104 to 107 102-7 Scale of the organisation Consolidated AFS from 90 102-8 Information on employees and other workers 59 102-9 Supply chain 32 to 65 102-10 Significant changes to the organisation and supply chain Inside front cover 102-11 Precautionary principle or approach 32 to 65 102-12 External initiatives 32 to 65 102-13 Membership of associations 32 to 65 Strategy 102-14 Statement from senior decision maker 6 to 9 102-15 Key impacts, risks and opportunities 6 to 9; 44 to 48 Ethics and 102-16 Values, principles, standards and norms of behaviour 32 to 36 integrity 102-17 Mechanisms for advice and concerns about ethics 32 to 36 Governance 102-18 Governance structure 66 to 75 102-19 Delegating authority 68 to 75 102-20 Executive-level responsibility for economic, environmental and social topics 68 to 75 102-21 Consulting stakeholders on economic, environmental and social topics 34 and 35 102-22 Composition of the highest governance body and its committees 68 to 75 102-23 Chair of the highest governance body 68 to 75 102-24 Nominating and selecting th",Integrated-Annual-Report-June-2022.pdf,64,REVIEW REQUIRED
Unknown,2022.0,Environmental,Environmental,Natural Capital,"63 OVERVIEW BUSINESS REVIEW GOVERNANCE ANNUAL FINANCIAL STATEMENTS SHAREHOLDER INFORMATION Page/not Aspect Core indicator reported Stakeholder 102-40 List of stakeholder groups 34 and 35 engagement 102-41 Collective bargaining agreements 59 102-42 Identifying and selecting stakeholders 34 102-43 Approach to stakeholder engagement 34 and 35 102-44 Key topics and concerns raised 34 and 35 Reporting practice 102-45 Entities included in the consolidated financial statements Inside back cover 102-46 Defining report content and topic boundaries Inside front cover 102-47 List of material topics Inside front cover 102-48 Restatements of information Entire IAR, where applicable 102-49 Changes in reporting Inside front cover; 108 to 119 102-50 Reporting period Inside front cover 102-51 Date of most recent report Inside front cover 102-52 Reporting cycle Inside front cover 102-53 Contact point for questions regarding the report Inside front cover 102-54 Claims of reporting in accordance with the GRI Standards 33 102-55 GRI content index 62 to 65 Management 103-1 Explanation of the material topic and its Boundary Entire IAR, where approach applicable 103-2 The management approach and its components Entire IAR, where applicable 103-3 Evaluation of the management approach Entire IAR, where applicable Economic 201-1 Direct economic value generated and distributed 27 performance 201-2 Financial implications and other risks and opportunities due to climate change 36 to 50 201-3 Defined benefi",Integrated-Annual-Report-June-2022.pdf,65,REVIEW REQUIRED
Unknown,2022.0,Environmental,Environmental,Natural Capital,SL CRUTCHLEY JC O’MEARA Chief Executive Offi cer Chief Financial Offi cer Designated Financial Director 2 September 2022 Extract from JSE guidance letter on directors’ responsibility on fi nancial controls dated 17 July 2020 to note for information purposes: Materiality In terms of the JSE Listings Requirements (“the Requirements”) fi nancial information must be prepared in accordance with IFRS.,Integrated-Annual-Report-June-2022.pdf,93,REVIEW REQUIRED
Unknown,2022.0,Environmental,Environmental,Natural Capital,The application of materiality is an important concept dealt with by IFRS.,Integrated-Annual-Report-June-2022.pdf,93,REVIEW REQUIRED
Unknown,2022.0,Environmental,Environmental,Natural Capital,The reference to materiality in paragraph (a) of the CEO and FD sign off must be interpreted in the context of IFRS.,Integrated-Annual-Report-June-2022.pdf,93,REVIEW REQUIRED
Unknown,2022.0,Governance,Governance,Intellectual Capital,"CONTENTS 2 Our business 3 Report overview Astral at a glance Financial Statements 6 Our Group activities 112 Chief Financial Officer’s Report 8 Financial highlights 115 Financial ratios and statistics 9 Non-financial highlights 116 Group Company Secretary Certificate 10 Chairman’s Statement 116 Chief Executive Officer and Chief Financial Officer’s Responsibility Statement 14 Board of directors 116 Preparation and publication of the Annual 18 Chief Executive Officer’s Report Financial Statements 26 Our strategy 117 Directors’ responsibilities and approval 27 Our investment case 118 Directors’ Report 28 Business Risks and Material Matters Report 120 Audit and Risk Management Committee Report 125 Independent Auditor’s Report Operational overview and 130 Consolidated Statements of Comprehensive performance Income 46 Business model 131 Consolidated Balance Sheets 48 Executive Management 132 Consolidated Statements of Changes in Equity 49 Corporate services 133 Consolidated Statements of Cash Flows 50 Divisional overview and performance 134 Notes to the Consolidated Statements of Cash Flows 135 Notes to the Financial Statements ESG Report 62 Social and Ethics Committee Report Administration 66 Governance 184 Shareholders' diary 66  Governance structure 185 Shareholders' analysis 67  Corporate Governance 187 Abbreviations and definitions 75  Human Resources, Remuneration and Nominations Committee Report 190 Notice of Annual General Meeting 76 – Section 1: Human Resources 197 Form",Integrated-Report-for-the-year-ended-30-September-2022.pdf,2,REVIEW REQUIRED
Unknown,2022.0,Environmental,Environmental,Natural Capital,"This Integrated Report also deals with the Integrated Report (incorporating our ESG Report) details our most opportunities, risks and material issues faced by the Group in the significant impacts.",Integrated-Report-for-the-year-ended-30-September-2022.pdf,5,REVIEW REQUIRED
Unknown,2022.0,Social,Social,Social & Relationship Capital,Integrated Financial Report Statements Materiality and material matters IIRC’s International <IR> Framework   The Integrated Report is intended to provide insight into issues identified as the most relevant and material to Astral and its JSE Listings Requirements   stakeholder groups that could potentially impact the Group as a Companies Act   going concern.,Integrated-Report-for-the-year-ended-30-September-2022.pdf,5,REVIEW REQUIRED
Unknown,2022.0,Social,Social,Social & Relationship Capital,"Comprehensive information, pertaining to IFRS   stakeholder engagement and material issues relevant to the various stakeholder groups, are disclosed in the Integrated Report.",Integrated-Report-for-the-year-ended-30-September-2022.pdf,5,REVIEW REQUIRED
Unknown,2022.0,Environmental,Environmental,Natural Capital,King IVTM   UN SDGs  – The principle of materiality formed the basis of the preparation of this Integrated Report.,Integrated-Report-for-the-year-ended-30-September-2022.pdf,5,REVIEW REQUIRED
Unknown,2022.0,Governance,Governance,Intellectual Capital,"REPORT OVERVIEW (CONTINUED) are of the view that the material matters published in this Report Nominations, the Social and Ethics and the ESG Committees, all offer a balanced mix of information, allowing readers to assess the report to the Board in line with their respective mandate and Group’s performance and prospects.",Integrated-Report-for-the-year-ended-30-September-2022.pdf,6,REVIEW REQUIRED
Unknown,2022.0,Environmental,Environmental,Natural Capital,These material matters were terms of reference.,Integrated-Report-for-the-year-ended-30-September-2022.pdf,6,REVIEW REQUIRED
Unknown,2022.0,Environmental,Environmental,Natural Capital,"As a result of there not being an approved standard on material issues and presents fairly the Group’s integrated assurance, the Group has decided not to assure this Report as a performance.",Integrated-Report-for-the-year-ended-30-September-2022.pdf,6,REVIEW REQUIRED
Unknown,2022.0,Governance,Governance,Intellectual Capital,ASTRAL AT A GLANCE 6 Our Group activities 8 Financial highlights 9 Non-financial highlights 10 Chairman’s Statement 14 Board of directors 18 Chief Executive Officer’s Report 26 Our strategy 27 Our investment case 28 Business Risks and Material Matters Report,Integrated-Report-for-the-year-ended-30-September-2022.pdf,7,REVIEW REQUIRED
Unknown,2022.0,Social,Social,Social & Relationship Capital,"For more information on Astral’s stakeholder engagements and material matters, please refer to pages 31 to A special thank you to Daan Ferreira, the current CFO, who will be 41 of this Integrated Report.",Integrated-Report-for-the-year-ended-30-September-2022.pdf,15,REVIEW REQUIRED
Unknown,2022.0,Environmental,Environmental,Natural Capital,Poultry selling prices Astral focuses on producing the lowest cost kilogram of white meat Business risks and material matters in alignment with its best-cost strategy.,Integrated-Report-for-the-year-ended-30-September-2022.pdf,25,REVIEW REQUIRED
Unknown,2022.0,Social,Social,Social & Relationship Capital,"The recovery of input costs during the year under and material matters relevant to the Group’s various stakeholder review has assisted the profits reported for the year, but as input groups, are disclosed in detail on pages 28 to 43 of the Integrated costs continue to rise it is becoming extremely difficult to recover the Report.",Integrated-Report-for-the-year-ended-30-September-2022.pdf,25,REVIEW REQUIRED
Unknown,2022.0,Environmental,Environmental,Natural Capital,"cost base, which is largely been driven by macroeconomic factors In summary, our key business risks and material matters are: outside of Astral’s control.",Integrated-Report-for-the-year-ended-30-September-2022.pdf,25,REVIEW REQUIRED
Unknown,2022.0,Social,Social,Social & Relationship Capital,"ASTRAL AT A GLANCE MATERIAL MATTERS REPORT BUSINESS RISKS AND Introduction Astral has identified the most relevant business risks and material matters that impact both Astral and its stakeholder groups, and which could potentially impact the Group as a going concern.",Integrated-Report-for-the-year-ended-30-September-2022.pdf,30,REVIEW REQUIRED
Unknown,2022.0,Social,Social,Social & Relationship Capital,"Comprehensive information pertaining to the internal risk identification and management processes, stakeholder engagement and material matters relevant to the Group’s various stakeholder groups, are disclosed in detail in this report.",Integrated-Report-for-the-year-ended-30-September-2022.pdf,30,REVIEW REQUIRED
Unknown,2022.0,Environmental,Environmental,Natural Capital,The principle of materiality forms the basis of the preparation of this Integrated Report.,Integrated-Report-for-the-year-ended-30-September-2022.pdf,30,REVIEW REQUIRED
Unknown,2022.0,Governance,Governance,Intellectual Capital,"The Board and management are of the view that the material business risks and material matters published in this report offer a balanced mix of information, allowing readers to assess the Group’s performance and prospects.",Integrated-Report-for-the-year-ended-30-September-2022.pdf,30,REVIEW REQUIRED
Unknown,2022.0,Environmental,Environmental,Natural Capital,Summary of Astral’s major business risks and material matters Major business risk Why is the risk and/or material matter regarded as key?,Integrated-Report-for-the-year-ended-30-September-2022.pdf,30,REVIEW REQUIRED
Unknown,2022.0,Governance,Governance,Intellectual Capital,Risk management framework Board: Overall responsibility for Group strategy and managing risk Audit and Risk Management Committee Oversight of the Group’s material risks and sustainability strategy.,Integrated-Report-for-the-year-ended-30-September-2022.pdf,31,REVIEW REQUIRED
Unknown,2022.0,Environmental,Environmental,Natural Capital,Development and enhancing risk Astral Executives management practices and systems to ensure that risks are managed with Oversight of the Group’s material risks and implementation of the Group’s strategy.,Integrated-Report-for-the-year-ended-30-September-2022.pdf,31,REVIEW REQUIRED
Unknown,2022.0,Environmental,Environmental,Natural Capital,"ASTRAL AT A GLANCE BUSINESS RISKS AND MATERIAL MATTERS REPORT (CONTINUED) Risk recognition, evaluation and management Risk are then ranked utilising the residual risk status, this is the At the core of all risk management is a systematic, cyclical risk value of risk that the organisation is exposed to taking into account management process, involving a series of steps ranging from the the inherent risk, reduced by the related controls which exist to identification of a risk, to the analysis, evaluation and management manage that risk.",Integrated-Report-for-the-year-ended-30-September-2022.pdf,32,REVIEW REQUIRED
Unknown,2022.0,Environmental,Environmental,Natural Capital,"The executives The process Astral undertook to determine its key material matters was: in the various operations categorise each risk they have  appointing an independent consultant to assess the 2021 identified and evaluate it in terms of criteria as defined in the Integrated Report and identify areas for improvement; business risk methodology, including the potential impact of the  comparing material matters identified in 2021 to Astral’s risk on the Group and the expected probability of its occurrence.",Integrated-Report-for-the-year-ended-30-September-2022.pdf,32,REVIEW REQUIRED
Unknown,2022.0,Social,Social,Social & Relationship Capital," evaluating and reviewing material matters identified against Astral’s strategic objectives, stakeholder matters, risks and Risks are evaluated in relation to the following parameters: capitals used to create value over the short, medium and long  headline risk area/category; term;  impact;  linking identified risks to Astral’s strategic objectives and grouped  probability; and into themes; and  perceived control effectiveness  these material matters were then categorised based on management’s view of the potential impact that these matters An inherent risk rating is calculated as the product of the impact of have on Astral and its key stakeholders.",Integrated-Report-for-the-year-ended-30-September-2022.pdf,32,REVIEW REQUIRED
Unknown,2022.0,Environmental,Environmental,Natural Capital,"prioritised its material matters and reviewed the ESG landscape from: Having identified the controls that are in place to manage the  a strategic perspective; risk in question; it is necessary to assess the effectiveness of  linking business operations with the broader operating context, these controls.",Integrated-Report-for-the-year-ended-30-September-2022.pdf,32,REVIEW REQUIRED
Unknown,2022.0,Social,Social,Social & Relationship Capital,"ASTRAL AT A GLANCE BUSINESS RISKS AND MATERIAL MATTERS REPORT (CONTINUED) Our principles Relevance Focusing on those issues of material concern to our stakeholders and to Astral and identifying how best to address them for our mutual benefit Completeness Understanding the views, needs, performance expectations and perceptions with these material issues while also taking cognisance of prevailing local and global trends Responsiveness  Engaging with stakeholders on issues and giving regular, comprehensive and coherent feedback.",Integrated-Report-for-the-year-ended-30-September-2022.pdf,34,REVIEW REQUIRED
Unknown,2022.0,Social,Social,Social & Relationship Capital,"Major business risks and material matters The major business risks and material matters identified are aligned with the Group’s strategy, and its materiality determination and stakeholder engagement processes.",Integrated-Report-for-the-year-ended-30-September-2022.pdf,35,REVIEW REQUIRED
Unknown,2022.0,Environmental,Environmental,Natural Capital,The major business risks and material matters that are managed by Astral and which form part of the Group’s strategy are: 1.,Integrated-Report-for-the-year-ended-30-September-2022.pdf,35,REVIEW REQUIRED
Unknown,2022.0,Social,Social,Human Capital,Material topics Customer safety Governance Compliance Animal welfare Astral Integrated Report for the year ended 30 September 2022 33,Integrated-Report-for-the-year-ended-30-September-2022.pdf,35,REVIEW REQUIRED
Unknown,2022.0,Environmental,Environmental,Natural Capital,ASTRAL AT A GLANCE BUSINESS RISKS AND MATERIAL MATTERS REPORT (CONTINUED) 2.,Integrated-Report-for-the-year-ended-30-September-2022.pdf,36,REVIEW REQUIRED
Unknown,2022.0,Environmental,Environmental,Natural Capital,Material topics Sustainability of the business Optimal capital expenditure allocation and management 34 Astral Integrated Report for the year ended 30 September 2022,Integrated-Report-for-the-year-ended-30-September-2022.pdf,36,REVIEW REQUIRED
Unknown,2022.0,Environmental,Environmental,Natural Capital,Material topics Price of inputs Market volatility Astral Integrated Report for the year ended 30 September 2022 35,Integrated-Report-for-the-year-ended-30-September-2022.pdf,37,REVIEW REQUIRED
Unknown,2022.0,Environmental,Environmental,Natural Capital,ASTRAL AT A GLANCE BUSINESS RISKS AND MATERIAL MATTERS REPORT (CONTINUED) 4.,Integrated-Report-for-the-year-ended-30-September-2022.pdf,38,REVIEW REQUIRED
Unknown,2022.0,Social,Social,Human Capital,Material topics Customer safety Governance Compliance 36 Astral Integrated Report for the year ended 30 September 2022,Integrated-Report-for-the-year-ended-30-September-2022.pdf,38,REVIEW REQUIRED
Unknown,2022.0,Social,Social,Social & Relationship Capital,Material topics Supply and demand imbalance Affordability Customer satisfaction Fair trading conditions Astral Integrated Report for the year ended 30 September 2022 37,Integrated-Report-for-the-year-ended-30-September-2022.pdf,39,REVIEW REQUIRED
Unknown,2022.0,Environmental,Environmental,Natural Capital,ASTRAL AT A GLANCE BUSINESS RISKS AND MATERIAL MATTERS REPORT (CONTINUED) 6.,Integrated-Report-for-the-year-ended-30-September-2022.pdf,40,REVIEW REQUIRED
Unknown,2022.0,Social,Social,Human Capital,Material topics Labour rights and working conditions Security practices Remuneration Policy 38 Astral Integrated Report for the year ended 30 September 2022,Integrated-Report-for-the-year-ended-30-September-2022.pdf,40,REVIEW REQUIRED
Unknown,2022.0,Social,Social,Human Capital,Material topics Customer satisfaction Market growth Health and safety Technology and innovation Astral Integrated Report for the year ended 30 September 2022 39,Integrated-Report-for-the-year-ended-30-September-2022.pdf,41,REVIEW REQUIRED
Unknown,2022.0,Environmental,Environmental,Natural Capital,ASTRAL AT A GLANCE BUSINESS RISKS AND MATERIAL MATTERS REPORT (CONTINUED) 8.,Integrated-Report-for-the-year-ended-30-September-2022.pdf,42,REVIEW REQUIRED
Unknown,2022.0,Environmental,Environmental,Natural Capital,Material topics Waste Carbon emissions Governance Sustainable production and consumption 40 Astral Integrated Report for the year ended 30 September 2022,Integrated-Report-for-the-year-ended-30-September-2022.pdf,42,REVIEW REQUIRED
Unknown,2022.0,Governance,Governance,Intellectual Capital,Material topics Ethics Governance Astral Integrated Report for the year ended 30 September 2022 41,Integrated-Report-for-the-year-ended-30-September-2022.pdf,43,REVIEW REQUIRED
Unknown,2022.0,Environmental,Environmental,Natural Capital,BUSINESS RISKS AND MATERIAL MATTERS REPORT (CONTINUED) Major risks 2022 2021 Change Astral’s major risks Business risk and material matters category Page 1 1.,Integrated-Report-for-the-year-ended-30-September-2022.pdf,44,REVIEW REQUIRED
Unknown,2022.0,Social,Social,Human Capital,ASTRAL AT A GLANCE BUSINESS RISKS AND MATERIAL MATTERS REPORT (CONTINUED) Value-added statement Distribution of economic value generated for stakeholders Year ended 30 September 2022 2022 2021 2021 R'm % R'm % Value added: Sales of goods and services 19 334 15 866 Less: Cost of materials and services (15 165) (12 464) Value added from trading operations 4 168 99.3 3 402 99.6 Income from investments 31 0.7 14 0.4 Total value added 4 199 100.0 3 416 100.0 Value distributed: To labour 2 380 56.7 2 046 59.9 To Government 386 9.2 217 6.4 – Income tax 370 203 – Skills development levy 16 14 To providers of capital 521 12.4 677 19.8 – Dividends to shareholders 458 418 – Interest on lease liabilities 58 205 – Interest on borrowings 5 54 Total distributions 3 287 78.3 2 940 86.1 Income retained in the business 912 21.7 476 13.9 – Depreciation and amortisation 308 422 – Retained income for the year 604 54 Total value distributed and reinvested 4 199 100.0 3 416 100.0 Revenue generated in South Africa 98% 98% Employees 12 417 12 183 Revenue generated per employee (R’000) 1 557 1 302 Value distributed per employee (R’000) 338 280 September 2022 September 2021 12.4% 19.8% 9.2% 6.4% 56.7% 21.7% 13.9% 59.9%  Providers of capital  Government  Reinvested  Labour 44 Astral Integrated Report for the year ended 30 September 2022,Integrated-Report-for-the-year-ended-30-September-2022.pdf,46,REVIEW REQUIRED
Unknown,2022.0,Governance,Governance,Intellectual Capital,"The Board defines levels of materiality, reserving specific The retirement age for an Executive Director will be 65 years and powers to itself, and delegates other matters to management.",Integrated-Report-for-the-year-ended-30-September-2022.pdf,70,REVIEW REQUIRED
Unknown,2022.0,Governance,Governance,Intellectual Capital,"This is done within a transparent, fair and comprehensive corporate governance framework informed by applied corporate governance and ESG material topics.",Integrated-Report-for-the-year-ended-30-September-2022.pdf,77,REVIEW REQUIRED
Unknown,2022.0,Social,Social,Human Capital," review and confirm the mandate and terms of reference of the committee with King IVTM principles; In terms of its annual work plan, the committee performed the  continue with the implementation of the revised and broadened following key actions during the year: remuneration policy;  reviewed and confirmed that the mandate and terms of reference  continue with the implementation of revised executive of the committee are aligned to the King IVTM principles; committee and senior management talent requirements,  approved the remuneration adjustments for executive attraction, retention and succession planning; management, senior management and employees;  sustain and develop the Astral culture; and  reviewed fee levels for Non-Executive Directors for  f urther refine ESG materiality risk mitigation with the newly recommendation to the Board; established ESG committee in line with local and international  reviewed the STI and LTI policies and confirmed the required trends.",Integrated-Report-for-the-year-ended-30-September-2022.pdf,84,REVIEW REQUIRED
Unknown,2022.0,Environmental,Environmental,Natural Capital,"Our audit approach Overview Overall group materiality Materiality  Overall group materiality: R56,000,000, which represents 5% of the average consolidated profit before tax Group audit scope Group  Full scope audits were performed over eleven financially significant components in South Africa scoping  Review procedures were performed on an additional three components and analytical review procedures were performed on the remaining components Key audit Key audit matters matters  Goodwill impairment assessment.",Integrated-Report-for-the-year-ended-30-September-2022.pdf,127,REVIEW REQUIRED
Unknown,2022.0,Environmental,Environmental,Natural Capital,"As part of designing our audit, we determined materiality and assessed the risks of material misstatement in the consolidated and separate financial statements.",Integrated-Report-for-the-year-ended-30-September-2022.pdf,127,REVIEW REQUIRED
Unknown,2022.0,Environmental,Environmental,Natural Capital,FINANCIAL STATEMENTS INDEPENDENT AUDITOR’S REPORT (CONTINUED) Materiality The scope of our audit was influenced by our application of materiality.,Integrated-Report-for-the-year-ended-30-September-2022.pdf,128,REVIEW REQUIRED
Unknown,2022.0,Environmental,Environmental,Natural Capital,"Based on our professional judgement, we determined certain quantitative thresholds for materiality, including the overall group materiality for the consolidated financial statements as a whole as set out in the table below.",Integrated-Report-for-the-year-ended-30-September-2022.pdf,128,REVIEW REQUIRED
Unknown,2022.0,Environmental,Environmental,Natural Capital,"Overall group materiality R56,000,000 How we determined it 5% of the average consolidated profit before tax Rationale for the materiality We chose consolidated average profit before tax as the benchmark as the Group is a trading entity that benchmark applied is profit orientated, as such the focus of investors will be on profit (EPS and HEPS).",Integrated-Report-for-the-year-ended-30-September-2022.pdf,128,REVIEW REQUIRED
Unknown,2022.0,Environmental,Environmental,Natural Capital,We chose 5% which is consistent with quantitative materiality thresholds used for profit- oriented companies in this sector.,Integrated-Report-for-the-year-ended-30-September-2022.pdf,128,REVIEW REQUIRED
Unknown,2022.0,Environmental,Environmental,Natural Capital,"Of these reporting components, we selected eleven for full scope audit testing due to their financial significance, limited to an appropriate allocation of the Astral Foods Limited consolidated materiality.",Integrated-Report-for-the-year-ended-30-September-2022.pdf,128,REVIEW REQUIRED
Unknown,,Governance,Governance,Intellectual Capital,CONTENTS 2 Our Business 3 Report Overview 1 ASTRAL AT A GLANCE 4 FINANCIAL STATEMENTS 6 Our Group Activities 132 Chief Financial Officer’s Report 8 Financial Summary 136 Financial Ratios and Statistics 9 ESG Summary 137 Group Company Secretary Certificate 10 Chairman’s Statement 137 Chief Executive Officer and Chief Financial Officer’s Responsibility Statement 14 Board of Directors 137 Preparation and Publication of the Annual 18 Chief Executive Officer’s Report Financial Statements 28 Our Strategy 138 Directors’ Responsibilities and Approval 29 Our Investment Case 139 Directors’ Report 30 Business Risks and Material Matters Report 141 Audit and Risk Management Committee Report OPERATIONAL OVERVIEW 145 Independent Auditor’s Report 2 AND PERFORMANCE 148 Consolidated and Separate Statements of Comprehensive Income 50 Business Model 149 Consolidated and Separate Balance Sheets 52 Executive Management 150 Consolidated and Separate Statements of 53 Corporate Services Changes in Equity 54 Divisional Overview and Performance 151 Consolidated and Separate Statements of Cash Flows 152 Notes to the Consolidated and Separate Statements of Cash Flows 3 ESG SUSTAINABILITY REPORT 153 Notes to the Financial Statements 66 ESG Business Model 68 ESG Committee Report 5 ADMINISTRATION 71  Environmental Impact 82 Social and Ethics Committee Report 204 Shareholders’ Diary 86  Social Involvement 205 Shareholders’ Analysis 90  Governance Structure 206 Notice of Annual General Meeting 90  Corpora,Integrated-Report-for-the-year-ended-30-September-2025hr.pdf,2,REVIEW REQUIRED
Unknown,,Environmental,Environmental,Natural Capital,"with the opportunities, risks and material issues faced by the We will also work to seek alignment with the specific targets as Group in the normal course of business.",Integrated-Report-for-the-year-ended-30-September-2025hr.pdf,5,REVIEW REQUIRED
Unknown,,Social,Social,Social & Relationship Capital,"MATERIALITY AND MATERIAL MATTERS The sub-committees of the Board, namely the Audit and The Integrated Report is intended to provide insight into issues Risk Management, the Human Resources, Remuneration and identified as the most relevant and material to Astral and its Nominations, the Social and Ethics and the ESG Committees, all stakeholder groups that could potentially impact the Group report to the Board in line with their respective mandate and as a going concern.",Integrated-Report-for-the-year-ended-30-September-2025hr.pdf,6,REVIEW REQUIRED
Unknown,,Social,Social,Social & Relationship Capital,"stakeholder engagement and material issues relevant to the The Internal Audit function, overseen by the Group’s Audit and various stakeholder groups, is disclosed in the Integrated Report.",Integrated-Report-for-the-year-ended-30-September-2025hr.pdf,6,REVIEW REQUIRED
Unknown,,Environmental,Environmental,Natural Capital,"Risk Management Committee, assesses the effectiveness of The principle of materiality formed the basis of the preparation the Group’s system of internal control and risk management.",Integrated-Report-for-the-year-ended-30-September-2025hr.pdf,6,REVIEW REQUIRED
Unknown,,Governance,Governance,Intellectual Capital,"The Board opinion on the fair presentation of the Group’s Annual Financial and management are of the view that the material matters Statements in accordance with IFRS and the requirements of published in this Report offer a balanced mix of information, the Companies Act.",Integrated-Report-for-the-year-ended-30-September-2025hr.pdf,6,REVIEW REQUIRED
Unknown,,Social,Social,Social & Relationship Capital,"These material matters were identified through Astral’s Audit and Risk Management Committee ensures various processes, which are disclosed under the Stakeholder that the combined assurance model is applied to provide a Engagement section.",Integrated-Report-for-the-year-ended-30-September-2025hr.pdf,6,REVIEW REQUIRED
Unknown,,Governance,Governance,Intellectual Capital,"The Board acknowledges its responsibility to ensure the When identifying relevant matters, Astral considers topics or integrity of this Integrated Report, which in the Board’s opinion, issues that: addresses all material issues and presents fairly the Group’s  Could substantively affect value creation.",Integrated-Report-for-the-year-ended-30-September-2025hr.pdf,6,REVIEW REQUIRED
Unknown,,Social,Social,Social & Relationship Capital,"The Group’s sustainability strategy is For more information on Astral’s stakeholder engagements built to support long-term business resilience by fostering and material matters, please refer to pages 32 to 47 of this strong governance, effective management, and financial Integrated Report.",Integrated-Report-for-the-year-ended-30-September-2025hr.pdf,14,REVIEW REQUIRED
Unknown,,Environmental,Environmental,Natural Capital,necessarily referring to the conduct or activities of any particular BUSINESS RISKS AND MATERIAL MATTERS named firm.,Integrated-Report-for-the-year-ended-30-September-2025hr.pdf,27,REVIEW REQUIRED
Unknown,,Social,Social,Human Capital,"ASTRAL AT A GLANCE CHIEF EXECUTIVE OFFICER’S REPORT (CONTINUED) management processes, stakeholder engagement and Human capital material matters relevant to the Group’s various stakeholder A critical concern remains the accelerating shortage of groups, are disclosed in detail on pages 30 to 48 of the specialised skills in South Africa, which poses a long-term Integrated Report.",Integrated-Report-for-the-year-ended-30-September-2025hr.pdf,28,REVIEW REQUIRED
Unknown,,Social,Social,Human Capital,"The ability to attract, develop, and retain talent capable of managing complex In summary, our key business risks and material matters operational risks is essential.",Integrated-Report-for-the-year-ended-30-September-2025hr.pdf,28,REVIEW REQUIRED
Unknown,,Environmental,Environmental,Natural Capital,ASTRAL AT A GLANCE BUSINESS RISKS AND MATERIAL MATTERS REPORT INTRODUCTION The principle of materiality forms the basis of the preparation of Astral has identified the most relevant business risks and this Integrated Report.,Integrated-Report-for-the-year-ended-30-September-2025hr.pdf,32,REVIEW REQUIRED
Unknown,,Social,Social,Social & Relationship Capital,"A matter is considered material if it can material matters that impact both Astral and its stakeholder substantively affect the Group’s ability to create and sustain groups, and which could potentially impact the Group as a going value over the short, medium or long term.",Integrated-Report-for-the-year-ended-30-September-2025hr.pdf,32,REVIEW REQUIRED
Unknown,,Social,Social,Social & Relationship Capital,"Comprehensive information pertaining to the internal management are of the view that the material business risks risk identification and management processes, stakeholder and material matters published in this report offer a balanced engagement and material matters relevant to the Group’s mix of information, allowing readers to assess the Group’s various stakeholder groups, are disclosed in detail in this report.",Integrated-Report-for-the-year-ended-30-September-2025hr.pdf,32,REVIEW REQUIRED
Unknown,,Environmental,Environmental,Natural Capital,SUMMARY OF ASTRAL’S MAJOR BUSINESS RISKS AND MATERIAL MATTERS Major business risk Why is the risk and/or material matter regarded as key?,Integrated-Report-for-the-year-ended-30-September-2025hr.pdf,32,REVIEW REQUIRED
Unknown,,Governance,Governance,Intellectual Capital,RISK MANAGEMENT FRAMEWORK Board: Overall responsibility for Group strategy and managing risk Audit and Risk Management Committee Corporate Risk Management Oversight of the Group’s material risks and sustainability strategy.,Integrated-Report-for-the-year-ended-30-September-2025hr.pdf,33,REVIEW REQUIRED
Unknown,,Environmental,Environmental,Natural Capital,Oversight of the Group’s material risks and implementation of the Group’s strategy.,Integrated-Report-for-the-year-ended-30-September-2025hr.pdf,33,REVIEW REQUIRED
Unknown,,Environmental,Environmental,Natural Capital,"ASTRAL AT A GLANCE BUSINESS RISKS AND MATERIAL MATTERS REPORT (CONTINUED) Risk recognition, evaluation and management MATERIAL MATTER RECOGNITION, EVALUATION At the core of all risk management is a systematic, cyclical AND MANAGEMENT risk management process, involving a series of steps ranging The process Astral undertook to determine its key material from the identification of a risk, to the analysis, evaluation and matters was: management of the risk, and finally to the monitoring of the  comparing material matters identified in 2025 to Astral’s measures taken in reaction to the risk.",Integrated-Report-for-the-year-ended-30-September-2025hr.pdf,34,REVIEW REQUIRED
Unknown,,Social,Social,Social & Relationship Capital,"The executives matters; in the various operations categorise each risk they have  evaluating and reviewing material matters identified against identified and evaluate it in terms of criteria as defined in Astral’s strategic objectives, stakeholder matters, risks and the business risk methodology, including the potential impact capitals used to create value over the short, medium and of the risk on the Group and the expected probability of its long term; occurrence.",Integrated-Report-for-the-year-ended-30-September-2025hr.pdf,34,REVIEW REQUIRED
Unknown,,Social,Social,Human Capital,"When analysing the impact of the risk, Astral  linking identified risks to Astral’s strategic objectives and considers not only the impact on the results of operations, grouped into themes; and but also the impact on non-monetary aspects such as safety,  these material matters were then categorised based on service, reputation and strategy.",Integrated-Report-for-the-year-ended-30-September-2025hr.pdf,34,REVIEW REQUIRED
Unknown,,Environmental,Environmental,Natural Capital,"Risks are evaluated in relation to the following parameters:  headline risk area/category; Based on the information obtained during the process, Astral  impact; prioritised its material matters and reviewed the ESG landscape  probability; and from:  perceived control effectiveness.",Integrated-Report-for-the-year-ended-30-September-2025hr.pdf,34,REVIEW REQUIRED
Unknown,,Social,Social,Social & Relationship Capital,"ASTRAL AT A GLANCE BUSINESS RISKS AND MATERIAL MATTERS REPORT (CONTINUED) Our principles Relevance Focusing on those issues of material concern to our stakeholders and to Astral and identifying how best to address them for our mutual benefit Completeness Understanding the views, needs, performance expectations and perceptions with these material issues while also taking cognisance of prevailing local and global trends Responsiveness  Engaging with stakeholders on issues and giving regular, comprehensive and coherent feedback.",Integrated-Report-for-the-year-ended-30-September-2025hr.pdf,36,REVIEW REQUIRED
Unknown,,Social,Social,Social & Relationship Capital,"MAJOR BUSINESS RISKS AND MATERIAL MATTERS The major business risks and material matters identified are aligned with the Group’s strategy, as well as the materiality determination and stakeholder engagement processes.",Integrated-Report-for-the-year-ended-30-September-2025hr.pdf,37,REVIEW REQUIRED
Unknown,,Social,Social,Social & Relationship Capital,"The major business risks and material matters that are managed by Astral and which form part of the Group’s strategy are: The major business risks and material matters identified are aligned with the Group’s strategy, as well as the materiality determination and stakeholder engagement processes.",Integrated-Report-for-the-year-ended-30-September-2025hr.pdf,37,REVIEW REQUIRED
Unknown,,Environmental,Environmental,Natural Capital,The major business risks and material matters that are managed by Astral and which form part of the Group’s strategy are: 1.,Integrated-Report-for-the-year-ended-30-September-2025hr.pdf,37,REVIEW REQUIRED
Unknown,,Social,Social,Human Capital,Material topics Customer safety Governance Compliance Animal welfare Astral Integrated Report 35 for the year ended 30 September 2025,Integrated-Report-for-the-year-ended-30-September-2025hr.pdf,37,REVIEW REQUIRED
Unknown,,Environmental,Environmental,Natural Capital,ASTRAL AT A GLANCE BUSINESS RISKS AND MATERIAL MATTERS REPORT (CONTINUED) 2.,Integrated-Report-for-the-year-ended-30-September-2025hr.pdf,38,REVIEW REQUIRED
Unknown,,Social,Social,Social & Relationship Capital,Material topics Customer satisfaction Market growth Technology Astral Integrated Report 36 for the year ended 30 September 2025,Integrated-Report-for-the-year-ended-30-September-2025hr.pdf,38,REVIEW REQUIRED
Unknown,,Environmental,Environmental,Natural Capital,Material topics Sustainability of the business Optimal capital expenditure allocation and management Astral Integrated Report 37 for the year ended 30 September 2025,Integrated-Report-for-the-year-ended-30-September-2025hr.pdf,39,REVIEW REQUIRED
Unknown,,Environmental,Environmental,Natural Capital,ASTRAL AT A GLANCE BUSINESS RISKS AND MATERIAL MATTERS REPORT (CONTINUED) 4.,Integrated-Report-for-the-year-ended-30-September-2025hr.pdf,40,REVIEW REQUIRED
Unknown,,Social,Social,Human Capital,Material topics Customer safety Governance Compliance Astral Integrated Report 38 for the year ended 30 September 2025,Integrated-Report-for-the-year-ended-30-September-2025hr.pdf,40,REVIEW REQUIRED
Unknown,,Environmental,Environmental,Natural Capital,Material topics Price of inputs Market volatility Astral Integrated Report 39 for the year ended 30 September 2025,Integrated-Report-for-the-year-ended-30-September-2025hr.pdf,41,REVIEW REQUIRED
Unknown,,Environmental,Environmental,Natural Capital,ASTRAL AT A GLANCE BUSINESS RISKS AND MATERIAL MATTERS REPORT (CONTINUED) 6.,Integrated-Report-for-the-year-ended-30-September-2025hr.pdf,42,REVIEW REQUIRED
Unknown,,Social,Social,Human Capital,Material topics Labour rights and working conditions Security practices Remuneration Policy Astral Integrated Report 40 for the year ended 30 September 2025,Integrated-Report-for-the-year-ended-30-September-2025hr.pdf,42,REVIEW REQUIRED
Unknown,,Social,Social,Social & Relationship Capital,Material topics Supply and demand imbalance Affordability Customer satisfaction Fair trading conditions Astral Integrated Report 41 for the year ended 30 September 2025,Integrated-Report-for-the-year-ended-30-September-2025hr.pdf,43,REVIEW REQUIRED
Unknown,,Environmental,Environmental,Natural Capital,ASTRAL AT A GLANCE BUSINESS RISKS AND MATERIAL MATTERS REPORT (CONTINUED) 8.,Integrated-Report-for-the-year-ended-30-September-2025hr.pdf,44,REVIEW REQUIRED
Unknown,,Governance,Governance,Intellectual Capital,Material topics Ethics Governance Astral Integrated Report 42 for the year ended 30 September 2025,Integrated-Report-for-the-year-ended-30-September-2025hr.pdf,44,REVIEW REQUIRED
Unknown,,Social,Social,Human Capital,Material topics Customer satisfaction Market growth Health and safety Technology and innovation Astral Integrated Report 43 for the year ended 30 September 2025,Integrated-Report-for-the-year-ended-30-September-2025hr.pdf,45,REVIEW REQUIRED
Unknown,,Environmental,Environmental,Natural Capital,ASTRAL AT A GLANCE BUSINESS RISKS AND MATERIAL MATTERS REPORT (CONTINUED) 10.,Integrated-Report-for-the-year-ended-30-September-2025hr.pdf,46,REVIEW REQUIRED
Unknown,,Environmental,Environmental,Natural Capital,Material topics Waste Carbon emissions Governance Sustainable production and consumption Astral Integrated Report 44 for the year ended 30 September 2025,Integrated-Report-for-the-year-ended-30-September-2025hr.pdf,46,REVIEW REQUIRED
Unknown,,Environmental,Environmental,Natural Capital,MAJOR RISKS 2025 2024 Change Astral’s major risks Business risk and material matters category Page 1.,Integrated-Report-for-the-year-ended-30-September-2025hr.pdf,47,REVIEW REQUIRED
Unknown,,Environmental,Environmental,Natural Capital,tcapmI ASTRAL AT A GLANCE BUSINESS RISKS AND MATERIAL MATTERS REPORT (CONTINUED) Inherent risk rating 10 1 2 9 4 7 5 3 8 6 8 9 10 11 12 7 6 5 4 3 2 1 0.1 0.2 0.3 0.4 0.5 0.6 0.7 0.8 0.9 1 1.1 Probability Risk 1 HPAI outbreak.,Integrated-Report-for-the-year-ended-30-September-2025hr.pdf,48,REVIEW REQUIRED
Unknown,,Social,Social,Human Capital,ASTRAL AT A GLANCE BUSINESS RISKS AND MATERIAL MATTERS REPORT (CONTINUED) VALUE-ADDED STATEMENT Distribution of economic value generated for stakeholders Year ended 30 September 2025 2025 2024 2024 R'm % R'm % Value added: Sales of goods and services 22 619 20 480 Less: Cost of materials and services (18 161) (16 385) Value added from trading operations 4 458 99.6 4 095 99.1 Income from investments 18 0.4 37 0.9 Total value added 4 476 100.0 4 132 100.0 Value distributed: To labour 2 788 62.3 2 539 61.4 To Government 354 7.9 288 7.0 – Income tax expense/(income) 335 271 – Skills development levy 19 17 To providers of capital 409 9.1 190 4.6 – Dividends to shareholders 285 – – Interest on lease liabilities 80 79 – Interest on borrowings 44 111 Total distributions 3 551 79.3 3 017 73.0 (Loss)/income (incurred)/retained in the business 925 20.7 1 115 27.0 – Depreciation and amortisation 331 321 – Retained income/(loss) for the year 594 794 Total value distributed and reinvested 4 476 100.0 4 132 100.0 Revenue generated in South Africa 98% 98% Employees 12 995 12 293 Revenue generated per employee (R’000) 1 741 1 666 Value distributed per employee (R’000) 344 336 Festive Distribution Centre Astral Integrated Report 48 for the year ended 30 September 2025,Integrated-Report-for-the-year-ended-30-September-2025hr.pdf,50,REVIEW REQUIRED
Unknown,,Environmental,Environmental,Natural Capital,"integrating ESG material matters in its daily operating In addition, we recycled 763 373 kilolitres of water (2024: environment, supported by its business culture of continuous 620 096) and treated 229 696 kilolitres (2024: 211 305) to improvement.",Integrated-Report-for-the-year-ended-30-September-2025hr.pdf,72,REVIEW REQUIRED
Unknown,,Environmental,Environmental,Natural Capital,Our ESG material topics and standards are regularly refined to enhance environmental outcomes and promote meaningful social upliftment.,Integrated-Report-for-the-year-ended-30-September-2025hr.pdf,73,REVIEW REQUIRED
Unknown,,Governance,Governance,Intellectual Capital,"The Board defines levels of materiality, responsibilities in accordance with its Mandate and Terms of reserving specific powers to itself, and delegates other matters Reference for the year under review.",Integrated-Report-for-the-year-ended-30-September-2025hr.pdf,94,REVIEW REQUIRED
Unknown,,Environmental,Environmental,Natural Capital,"49309 dated 15 September 2023, we report: Final Materiality We define materiality as the magnitude of misstatement in the consolidated and separate financial statements that makes it probable that the economic decisions of a reasonably knowledgeable person would be changed or influenced.",Integrated-Report-for-the-year-ended-30-September-2025hr.pdf,147,REVIEW REQUIRED
Unknown,,Environmental,Environmental,Natural Capital,We use materiality both in planning the nature and extent of our audit work and in evaluating the results of our work.,Integrated-Report-for-the-year-ended-30-September-2025hr.pdf,147,REVIEW REQUIRED
Unknown,,Environmental,Environmental,Natural Capital,"Based on our professional judgement, we determined materiality for the financial statements as a whole as follows: Financial Statements – Group Financial Statements – Company Overall Materiality R90 million (2024: R84 million) R5.3 million (2024: R8.2 million) How we Based on 7.5% of Profit before taxation.",Integrated-Report-for-the-year-ended-30-September-2025hr.pdf,147,REVIEW REQUIRED
Unknown,,Environmental,Environmental,Natural Capital,Determined it Rationale for A key judgement in determining materiality is the appropriate benchmark to select which is based on our benchmark perception of which benchmarks and key performance indicators that have the most significant bearing applied on shareholder decisions.,Integrated-Report-for-the-year-ended-30-September-2025hr.pdf,147,REVIEW REQUIRED
Unknown,,Environmental,Environmental,Natural Capital,We determined that profit before tax remained the The decrease in the materiality figure of 35% is key benchmark and is generally accepted for listed mainly attributable to the declaration and entities.,Integrated-Report-for-the-year-ended-30-September-2025hr.pdf,147,REVIEW REQUIRED
Unknown,,Environmental,Environmental,Natural Capital,"Only information that could reasonably be expected to influence the decisions of users is disclosed, in line with the principles of materiality under IFRS Practice Statement 2.",Integrated-Report-for-the-year-ended-30-September-2025hr.pdf,155,REVIEW REQUIRED
RCL Foods Limited,2022.0,Governance,Governance,Intellectual Capital,RAFSF2O C RTIL N T0 N H F AE O N Y A E O T2A D R U EN E S 2N L D A ME CIM D L J I EU IT N EA EN DLTS Annual Financial Statements MATERIAL ASPECTS AND COMPARABILITY Materiality has been applied to qualitative and RCGRF2O C R LO EO T0 H F EP O R Y V E O 2AO DP R E E S 2NR ORL DE IM DTNR J I U T N EAA E DTNECE Corporate Governance Report quantitative disclosures contained in this report.,RCL Foods 2022-Abridged-Integrated-Annual-Report (1).pdf,2,REVIEW REQUIRED
RCL Foods Limited,2022.0,Governance,Governance,Intellectual Capital,"The report has been reviewed by the RCL FOODS Audit Committee and Board who have assessed its content and believe that the 2022 Abridged Integrated Annual Report is presented in accordance with the For Sustainable Development <IR> Framework, that it addresses all material issues and fairly presents the integrated performance of the Group.",RCL Foods 2022-Abridged-Integrated-Annual-Report (1).pdf,2,REVIEW REQUIRED
RCL Foods Limited,2022.0,Social,Social,Human Capital,"2 3 TROPER EHT GNITAGIVAN DETIMIL SDOOF LCR DETARGETNI DEGDIRBA 2202 TROPER LAUNNA ICON REFERENCES CONTENTS Our capitals FINANCIAL CAPITAL OUR BUSINESS AT A GLANCE HUMAN CAPITAL 6 WHO WE ARE INTELLECTUAL CAPITAL 8 VALUE WE CREATE 10 WHAT DRIVES US MANUFACTURED CAPITAL 11 OUR BRANDS NATURAL CAPITAL 12 OUR BRAND HIGHLIGHTS 14 OUR HISTORY AND FOOTPRINT SOCIAL AND RELATIONSHIP CAPITAL 16 OUR SUSTAINABLE BUSINESS DRIVE 17 OUR SUSTAINABLE BUSINESS DRIVE IN ACTION 20 OUR SUSTAINABLE IMPACT IN 2022: EXECUTIVE SUMMARY Our stakeholders HOW WE COMMUNITIES OPERATE CONSUMERS 24 OUR OPERATING CONTEXT CUSTOMERS 26 OUR VALUE CREATION MODEL UNPACKING OUR VALUE CREATION: EMPLOYEES 28 OUR CAPITAL INPUTS, OUTCOMES, TRADE-OFFS AND STAKEHOLDERS IMPACTED GOVERNMENT 36 OUR STAKEHOLDER ENGAGEMENT 48 OUR MATERIAL RISKS AND OPPORTUNITIES INVESTORS AND FUNDERS 58 OUR LEADERS MEDIA 60 OUR CORPORATE GOVERNANCE SUPPLIERS OUR STRATEGIC PROGRESS 64 RCL FOODS VALUE-ADDED BUSINESS 68 RAINBOW 69 VECTOR LOGISTICS OUR KEY REPORTS AND REVIEWS FURTHER READING 72 CHAIRMAN’S REPORT Signifies that related information is available 76 CEO’S REPORT online at www.rclfoods.com 84 CFO’S REPORT Directs readers to the page in the Abridged RECONCILIATION BETWEEN REPORTED AND 96 Integrated Annual Report with more details UNDERLYING RESULTS 97 DEFINITIONS AND RATIOS Directs readers to the page in the Sustainable SBR Business Report with more details 98 OUR FIVE-YEAR REVIEW 101 SHARE INFORMATION Directs readers to the page in the",RCL Foods 2022-Abridged-Integrated-Annual-Report (1).pdf,3,REVIEW REQUIRED
RCL Foods Limited,2022.0,Social,Social,Social & Relationship Capital,"HOW WE OPERATE DETIMIL SDOOF LCR DETARGETNI DEGDIRBA 2202 TROPER LAUNNA OUR OPERATING CONTEXT 24 OUR AND TRENDS BUSINESS AT A GLANCE 26 OUR VALUE CREATION MODEL HOW WE UNPACKING OUR VALUE CREATION: OPERATE OUR OUR CAPITAL INPUTS, OUTCOMES, STRATEGIC 28 TRADE-OFFS AND STAKEHOLDERS PROGRESS IMPACTED OUR KEY REPORTS 36 OUR STAKEHOLDER ENGAGEMENT AND HOW REVIEWS 48 OUR MATERIAL RISKS ABRIDGED AND OPPORTUNITIES FINANCIAL STATEMENTS 58 OUR LEADERS 60 OUR CORPORATE GOVERNANCE WE OPERATE 22 23",RCL Foods 2022-Abridged-Integrated-Annual-Report (1).pdf,13,REVIEW REQUIRED
RCL Foods Limited,2022.0,Environmental,Environmental,Natural Capital,OUR BUSINESS AT A HOW WE OPERATE GLANCE HOW WE OPERATE OUR STRATEGIC PROGRESS OUR KEY REPORTS AND REVIEWS ABRIDGED FINANCIAL STATEMENTS 48 49 DETIMIL SDOOF LCR DETARGETNI DEGDIRBA 2202 TROPER LAUNNA OUR MATERIAL RISKS AND OPPORTUNITIES This past year has been a reflection of the highly dynamic environment in which we operate.,RCL Foods 2022-Abridged-Integrated-Annual-Report (1).pdf,26,REVIEW REQUIRED
RCL Foods Limited,2022.0,Social,Social,Social & Relationship Capital,OUR BUSINESS AT A HOW WE OPERATE GLANCE HOW WE OPERATE OUR STRATEGIC PROGRESS OUR KEY REPORTS AND REVIEWS ABRIDGED FINANCIAL STATEMENTS 50 51 DETIMIL SDOOF LCR DETARGETNI DEGDIRBA 2202 TROPER LAUNNA OUR MATERIAL RISKS CONTINUED MATERIAL ISSUE 03 Pressure to deliver products and services against heightened customer expectations is MATERIAL ISSUE 01 increasing due to challenges in the macro-economic environment.,RCL Foods 2022-Abridged-Integrated-Annual-Report (1).pdf,27,REVIEW REQUIRED
RCL Foods Limited,2022.0,Environmental,Environmental,Natural Capital,"MATERIAL ISSUE 02 MATERIAL ISSUE 04 The Group continues to face ongoing macro-economic challenges, resulting in increasing costs The outbreak of Highly Pathogenic Avian Influenza (HPAI) within South Africa could negatively which are difficult to pass on to consumers.",RCL Foods 2022-Abridged-Integrated-Annual-Report (1).pdf,27,REVIEW REQUIRED
RCL Foods Limited,2022.0,Social,Social,Human Capital,"OUR BUSINESS AT A HOW WE OPERATE GLANCE HOW WE OPERATE OUR STRATEGIC PROGRESS OUR KEY REPORTS AND REVIEWS ABRIDGED FINANCIAL STATEMENTS 52 53 DETIMIL SDOOF LCR DETARGETNI DEGDIRBA 2202 TROPER LAUNNA OUR MATERIAL RISKS CONTINUED MATERIAL ISSUE 05 MATERIAL ISSUE 07 Harmful acts, compromised continuity of operations due to society protests, civil unrest or The growing reliance on technology is accompanied by a number of operational, security and turbulence in the wider external community compromising health and safety of RCL FOODS strategic risks for businesses.",RCL Foods 2022-Abridged-Integrated-Annual-Report (1).pdf,28,REVIEW REQUIRED
RCL Foods Limited,2022.0,Social,Social,Human Capital,"Key • Minimising the business interruption impact through legal processes, controls at RCL FOODS include, but are not limited to: with a coordinated and sustainable community engagement strategy underway • Segregation of duties • Strike action plans in place • Antivirus and malware protection • Recognition and wage agreements in place at certain sites which • Network and email security detail terms of relationships with unions, ensuring stability • Data classification and retention STAKEHOLDERS: CAPITALS: • Use of reputable service providers • Secure configuration • Incident management • Managing user privileges • Threat and vulnerability assessments MATERIAL ISSUE 06 • Information security maturity assessments The Group anticipates the health and safety impact of COVID-19 decreasing further given the • Ongoing training regarding information security easing of government restrictions and protocols.",RCL Foods 2022-Abridged-Integrated-Annual-Report (1).pdf,28,REVIEW REQUIRED
RCL Foods Limited,2022.0,Environmental,Environmental,Natural Capital,OUR BUSINESS AT A HOW WE OPERATE GLANCE HOW WE OPERATE OUR STRATEGIC PROGRESS OUR KEY REPORTS AND REVIEWS ABRIDGED FINANCIAL STATEMENTS 54 55 DETIMIL SDOOF LCR DETARGETNI DEGDIRBA 2202 TROPER LAUNNA OUR MATERIAL RISKS CONTINUED MATERIAL ISSUE 08 MATERIAL ISSUE 09 The complex global challenges and uncertainties related to climate change and resource scarcity Food and product safety is of paramount importance in our business and we adopt a proactive may affect the ability of the Group to achieve its strategic objectives.,RCL Foods 2022-Abridged-Integrated-Annual-Report (1).pdf,29,REVIEW REQUIRED
RCL Foods Limited,2022.0,Environmental,Environmental,Natural Capital,"• Procedures in place to prevent product cross-contamination Waste-to-Value, solar and co-generation • Pathogen testing of products and processing environments • Energy reduction initiatives • Well-established withdrawal and recall procedures • Generators installed to provide emergency power where possible • Investment in new technology and equipment to further enhance our food safety STAKEHOLDERS: CAPITALS: • Ongoing Food Safety culture and awareness initiatives and training STAKEHOLDERS: CAPITALS: MATERIAL ISSUE 10 Harmful acts, compromised continuity of operations due to society protests, civil unrest or turbulence in the wider external community could compromise the health and safety of RCL FOODS employees and productivity on the shopfloor.",RCL Foods 2022-Abridged-Integrated-Annual-Report (1).pdf,29,REVIEW REQUIRED
RCL Foods Limited,2022.0,Environmental,Environmental,Natural Capital,OUR BUSINESS AT A HOW WE OPERATE GLANCE HOW WE OPERATE OUR STRATEGIC PROGRESS OUR KEY REPORTS AND REVIEWS ABRIDGED FINANCIAL STATEMENTS 56 57 DETIMIL SDOOF LCR DETARGETNI DEGDIRBA 2202 TROPER LAUNNA OUR MATERIAL RISKS CONTINUED MATERIAL ISSUE 11 MATERIAL ISSUE 12 The complex global challenges and uncertainties related to climate change and resource scarcity The regulatory and compliance environment in which we operate is complex and always evolving.,RCL Foods 2022-Abridged-Integrated-Annual-Report (1).pdf,30,REVIEW REQUIRED
RCL Foods Limited,2022.0,Governance,Governance,Intellectual Capital,"tasked with ensuring that these values and characteristics are embodied mandate, drives the advancement of economic and ESG In 2022 we conducted a detailed materiality assessment oversight and transparency through key performance within our business through ethical, effective leadership.",RCL Foods 2022-Abridged-Integrated-Annual-Report (1).pdf,32,REVIEW REQUIRED
RCL Foods Limited,2022.0,Environmental,Environmental,Natural Capital,predictable losses and less material risks which are not REFINANCE of greater than 3.5.,RCL Foods 2022-Abridged-Integrated-Annual-Report (1).pdf,49,REVIEW REQUIRED
RCL Foods Limited,2024.0,Social,Social,Social & Relationship Capital,"CONTENTS 1 Welcome and navigation 03 HOW WE OPERATE 2 About the report 26 Our value creation model 27 Our operating context and trends 01 EXECUTIVE SUMMARY of the 2024 financial year UNPACKING OUR VALUE CREATION: 4 Our Chief Executive Officer’s report Our capital inputs, outcomes, trade-offs 34 and stakeholders impacted 10 Our business in 2024 40 Our stakeholder engagement 12 Our stakeholder impact in 2024 49 Our material risks and opportunities 01 EXECUTIVE 3 02 RCL FOODS OVERVIEW 61 Our leaders SUMMARY (Excluding Rainbow & Vector Logistics) 64 Our corporate governance 15 Our purpose 02 RCL FOODS 16 Our way 04 OUR STRATEGIC PROGRESS 14 OVERVIEW 17 Our brands 67 RCL FOODS 21 Our locations 73 Discontinued operation – Rainbow 03 HOW WE 22 Our history 25 OPERATE 05 OUR KEY REPORTS AND REVIEWS 23 Our business strategy 75 Our Chairman’s report 24 Our sustainability strategy OUR 79 Our Chief Financial Officer’s report 04 STRATEGIC 66 91 Pro forma financial information PROGRESS 96 Our five-year review OUR KEY 98 Definitions and ratios 05 REPORTS AND 74 99 Our five-year review – Total Operations REVIEWS 100 Our five-year review – Continuing Operations 06 SHAREHOLDER 103 Share information 104 INFORMATION 06 SHAREHOLDER INFORMATION 105 Shareholders’ diary 105 Corporate information RRCCLL FFOOOODDSS LLIIMMIITTEEDD AABBRRIIDDGGEEDD IINNTTEEGGRRAATTEEDD AANNNNUUAALL RREEPPOORRTT 22002244",RCL Foods 2024-Abridged-Integrated-Annual-Report-2 (1).pdf,2,REVIEW REQUIRED
RCL Foods Limited,2024.0,Environmental,Environmental,Natural Capital,"Please refer to page 2 for details on the report’s scope and boundary, the materiality and comparability of its information, and its assurance and approval.",RCL Foods 2024-Abridged-Integrated-Annual-Report-2 (1).pdf,3,REVIEW REQUIRED
RCL Foods Limited,2024.0,Governance,Governance,Intellectual Capital,RACLN FONODUS LAIMLITE D RCCLO FORODPS OLIMRITEADTE RRCLE FMOOUDS NLIMEITERDATION RKCLI NFOGOD SI LVIMITED FINANCIAL GOVERNANCE REPORT APPLICATION 2 S F2O0R T T0H A E Y2E T 2AR E 4EN3D M ED J E UNE NTS 2 R F20OR E T0HE2 P YE2A O R4 E3N R DED T JU N E 2 F2OR T 00HE YE22 AR E3N 4 DED JUNE R F22OR E T00HE G YE2A2 I R S E3N4D T ED E JUN R E MATERIAL ASPECTS AND COMPARABILITY Materiality has been applied to qualitative and quantitative disclosures contained in this Sustainable Business report.,RCL Foods 2024-Abridged-Integrated-Annual-Report-2 (1).pdf,4,REVIEW REQUIRED
RCL Foods Limited,2024.0,Governance,Governance,Intellectual Capital,"This Abridged Integrated Annual Report has been reviewed by the RCL FOODS Audit Committee and Board who have assessed its content and believe that it is presented in accordance with the Integrated Reporting (<IR>) Framework, that it addresses all material issues and fairly presents the integrated performance of the Group.",RCL Foods 2024-Abridged-Integrated-Annual-Report-2 (1).pdf,4,REVIEW REQUIRED
RCL Foods Limited,2024.0,Social,Social,Social & Relationship Capital,"EXECUTIVE RCL FOODS HOW WE OUR STRATEGIC OUR KEY REPORTS SHAREHOLDER 25 / 105 SUMMARY OVERVIEW OPERATE PROGRESS AND REVIEWS INFORMATION 03 HOW WE OPERATE 26 OUR VALUE CREATION MODEL OUR OPERATING CONTEXT 27 AND TRENDS UNPACKING OUR VALUE CREATION OUR CAPITAL INPUTS, 34 OUTCOMES, TRADE-OFFS AND STAKEHOLDERS IMPACTED OUR STAKEHOLDER 40 ENGAGEMENT OUR MATERIAL RISKS AND 49 OPPORTUNITIES 61 OUR LEADERS 64 OUR CORPORATE GOVERNANCE RCL FOODS LIMITED ABRIDGED INTEGRATED ANNUAL REPORT 2024",RCL Foods 2024-Abridged-Integrated-Annual-Report-2 (1).pdf,27,REVIEW REQUIRED
RCL Foods Limited,2024.0,Environmental,Environmental,Natural Capital,"EXECUTIVE RCL FOODS HOW WE OUR STRATEGIC OUR KEY REPORTS SHAREHOLDER 49 / 105 SUMMARY OVERVIEW OPERATE PROGRESS AND REVIEWS INFORMATION UNPACKING OUR VALUE CREATION OUR MATERIAL RISKS AND OPPORTUNITIES – CONTINUING OPERATIONS Our operations continue to navigate a highly dynamic environment, underscoring the imperative for adaptability and resilience.",RCL Foods 2024-Abridged-Integrated-Annual-Report-2 (1).pdf,51,REVIEW REQUIRED
RCL Foods Limited,2024.0,Environmental,Environmental,Natural Capital,"This has been and bond markets indicate growing trust most material risks that have the potential to compounded by high interest rates, fuel and food prices, and persistent logistical in the GNU which could further strengthen significantly impact our business performance and energy supply constraints.",RCL Foods 2024-Abridged-Integrated-Annual-Report-2 (1).pdf,51,REVIEW REQUIRED
RCL Foods Limited,2024.0,Environmental,Environmental,Natural Capital,"EXECUTIVE RCL FOODS HOW WE OUR STRATEGIC OUR KEY REPORTS SHAREHOLDER 50 / 105 SUMMARY OVERVIEW OPERATE PROGRESS AND REVIEWS INFORMATION OUR MATERIAL RISKS AND OPPORTUNITIES CONTINUED RISK NAME RISK CATEGORY ICON REFERENCE OUR CAPITALS 1 ENERGY SECURITY AND PRICING Business Interruption FC FINANCIAL CAPITAL 2 REDUCED DEMAND Economic HC HUMAN CAPITAL 3 PRICING PRESSURE Economic IC INTELLECTUAL CAPITAL 4 COMMODITY PRICING PRESSURE Economic MC MANUFACTURED CAPITAL 5 BUSINESS INTERRUPTION – SUPPLY CHAIN Business Interruption NC NATURAL CAPITAL 6 WATER SECURITY AND PRICING Climate Change/Business Interruption SC SOCIAL AND RELATIONSHIP CAPITAL 7 FOOD AND PRODUCT SAFETY Societal 8 SOCIETAL RISKS AND UNREST Societal OUR STAKEHOLDERS 9 NON-AVAILABILITY OF IT SYSTEMS Business Interruption COMMUNITIES 10 INDUSTRIAL ACTION Business Interruption CONSUMERS CUSTOMERS 11 NON-COMPLIANCE WITH LEGISLATION Compliance EMPLOYEES 12 BUSINESS INTERRUPTION – HEALTH AND SAFETY Business Interruption ENVIRONMENT 13 SUGAR INDUSTRY Economic GOVERNMENT 14 CASH MANAGEMENT Economic INVESTORS AND FUNDERS Refer to the Corporate Governance Report, available at MEDIA www.rclfoods.com/financial-results-and-reports-2024.",RCL Foods 2024-Abridged-Integrated-Annual-Report-2 (1).pdf,52,REVIEW REQUIRED
RCL Foods Limited,2024.0,Environmental,Environmental,Natural Capital,"EXECUTIVE RCL FOODS HOW WE OUR STRATEGIC OUR KEY REPORTS SHAREHOLDER 51 / 105 SUMMARY OVERVIEW OPERATE PROGRESS AND REVIEWS INFORMATION OUR MATERIAL RISKS AND OPPORTUNITIES CONTINUED 1 2 ENERGY SECURITY AND PRICING FC NC MC SC REDUCED DEMAND FC MC IC SC MATERIAL ISSUE MATERIAL ISSUE An improvement in Eskom’s reliability and performance of its coal generation The challenging macro-economic outlook characterised by high inflation and fleet, coupled with the significant work done by sites to install backup power unemployment levels, weak economic growth and high raw material input costs continue to fuel heightened consumer financial pressure.",RCL Foods 2024-Abridged-Integrated-Annual-Report-2 (1).pdf,53,REVIEW REQUIRED
RCL Foods Limited,2024.0,Environmental,Environmental,Natural Capital,"EXECUTIVE RCL FOODS HOW WE OUR STRATEGIC OUR KEY REPORTS SHAREHOLDER 52 / 105 SUMMARY OVERVIEW OPERATE PROGRESS AND REVIEWS INFORMATION OUR MATERIAL RISKS AND OPPORTUNITIES CONTINUED 3 PRICING PRESSURE FC MC SC 4 COMMODITY PRICE FLUCTUATIONS FC MC IC SC MATERIAL ISSUE MATERIAL ISSUE The Group is persistently confronted with prevailing macroeconomic challenges, The costs of our products are closely linked to the prices of essential commodities leading to escalating costs that prove difficult to transfer to consumers.",RCL Foods 2024-Abridged-Integrated-Annual-Report-2 (1).pdf,54,REVIEW REQUIRED
RCL Foods Limited,2024.0,Social,Social,Social & Relationship Capital,"EXECUTIVE RCL FOODS HOW WE OUR STRATEGIC OUR KEY REPORTS SHAREHOLDER 53 / 105 SUMMARY OVERVIEW OPERATE PROGRESS AND REVIEWS INFORMATION OUR MATERIAL RISKS AND OPPORTUNITIES CONTINUED 5 BUSINESS INTERRUPTION – SUPPLY CHAIN HC FC MC SC IC MATERIAL ISSUE Supply chain business interruption risk refers to the potential disruptions that can occur within the flow of goods, services and information from suppliers to customers.",RCL Foods 2024-Abridged-Integrated-Annual-Report-2 (1).pdf,55,REVIEW REQUIRED
RCL Foods Limited,2024.0,Environmental,Environmental,Natural Capital,EXECUTIVE RCL FOODS HOW WE OUR STRATEGIC OUR KEY REPORTS SHAREHOLDER 54 / 105 SUMMARY OVERVIEW OPERATE PROGRESS AND REVIEWS INFORMATION OUR MATERIAL RISKS AND OPPORTUNITIES CONTINUED 6 WATER SECURITY AND PRICING FC NC MC SC MATERIAL ISSUE Water security risk refers to the potential for shortages or interruptions in water supply that may impact our company’s operational continuity.,RCL Foods 2024-Abridged-Integrated-Annual-Report-2 (1).pdf,56,REVIEW REQUIRED
RCL Foods Limited,2024.0,Social,Social,Human Capital,"EXECUTIVE RCL FOODS HOW WE OUR STRATEGIC OUR KEY REPORTS SHAREHOLDER 55 / 105 SUMMARY OVERVIEW OPERATE PROGRESS AND REVIEWS INFORMATION OUR MATERIAL RISKS AND OPPORTUNITIES CONTINUED 7 FOOD AND PRODUCT SAFETY FC MC SC MATERIAL ISSUE At the core of our business, ensuring the safety of our food and products is our utmost priority.",RCL Foods 2024-Abridged-Integrated-Annual-Report-2 (1).pdf,57,REVIEW REQUIRED
RCL Foods Limited,2024.0,Social,Social,Social & Relationship Capital,"EXECUTIVE RCL FOODS HOW WE OUR STRATEGIC OUR KEY REPORTS SHAREHOLDER 56 / 105 SUMMARY OVERVIEW OPERATE PROGRESS AND REVIEWS INFORMATION OUR MATERIAL RISKS AND OPPORTUNITIES CONTINUED 8 SOCIETAL RISKS AND UNREST SC HC FC MATERIAL ISSUE Our business faces significant risks related to societal protests, civil unrest, or turbulence in the external community.",RCL Foods 2024-Abridged-Integrated-Annual-Report-2 (1).pdf,58,REVIEW REQUIRED
RCL Foods Limited,2024.0,Environmental,Environmental,Natural Capital,"EXECUTIVE RCL FOODS HOW WE OUR STRATEGIC OUR KEY REPORTS SHAREHOLDER 57 / 105 SUMMARY OVERVIEW OPERATE PROGRESS AND REVIEWS INFORMATION OUR MATERIAL RISKS AND OPPORTUNITIES CONTINUED 9 NON-AVAILABILITY OF INFORMATION TECHNOLOGY (IT) SYSTEMS FC MC IC HC SC MATERIAL ISSUE The increasing dependence on technology presents businesses with a spectrum of operational, security and strategic risks.",RCL Foods 2024-Abridged-Integrated-Annual-Report-2 (1).pdf,59,REVIEW REQUIRED
RCL Foods Limited,2024.0,Governance,Governance,Intellectual Capital,EXECUTIVE RCL FOODS HOW WE OUR STRATEGIC OUR KEY REPORTS SHAREHOLDER 58 / 105 SUMMARY OVERVIEW OPERATE PROGRESS AND REVIEWS INFORMATION OUR MATERIAL RISKS AND OPPORTUNITIES CONTINUED 10 INDUSTRIAL ACTION HC SC 11 NON-COMPLIANCE WITH LAWS FC MC NC IC HC SC AND REGULATIONS MATERIAL ISSUE MATERIAL ISSUE The risk of industrial action poses a concern to our company’s operations and The regulatory and compliance landscape within which we operate is complex and overall performance.,RCL Foods 2024-Abridged-Integrated-Annual-Report-2 (1).pdf,60,REVIEW REQUIRED
RCL Foods Limited,2024.0,Social,Social,Human Capital,EXECUTIVE RCL FOODS HOW WE OUR STRATEGIC OUR KEY REPORTS SHAREHOLDER 59 / 105 SUMMARY OVERVIEW OPERATE PROGRESS AND REVIEWS INFORMATION OUR MATERIAL RISKS AND OPPORTUNITIES CONTINUED 12 BUSINESS INTERRUPTION HC FC MC SC 13 CASH MANAGEMENT FC MC SC – HEALTH AND SAFETY MATERIAL ISSUE MATERIAL ISSUE The Group continues to prioritise health and safety risks as a paramount concern.,RCL Foods 2024-Abridged-Integrated-Annual-Report-2 (1).pdf,61,REVIEW REQUIRED
RCL Foods Limited,2024.0,Environmental,Environmental,Natural Capital,"EXECUTIVE RCL FOODS HOW WE OUR STRATEGIC OUR KEY REPORTS SHAREHOLDER 60 / 105 SUMMARY OVERVIEW OPERATE PROGRESS AND REVIEWS INFORMATION OUR MATERIAL RISKS AND OPPORTUNITIES CONTINUED 14 SUGAR INDUSTRY HC FC MC SC MATERIAL ISSUE Whilst the outlook of the sugar industry is improving, the uncertainty surrounding the successful outcome of the business rescue processes at Tongaat and Gledhow remains a key risk to the Sugar operating unit.",RCL Foods 2024-Abridged-Integrated-Annual-Report-2 (1).pdf,62,REVIEW REQUIRED
RCL Foods Limited,2024.0,Environmental,Environmental,Natural Capital,Chief Financial Officer Refer to page 49 of this report for a discussion over our material risks and responses.,RCL Foods 2024-Abridged-Integrated-Annual-Report-2 (1).pdf,92,REVIEW REQUIRED
RCL Foods Limited,2024.0,Social,Social,Social & Relationship Capital,"CONTENTS 1 Welcome and navigation 03 HOW WE OPERATE 2 About the report 26 Our value creation model 27 Our operating context and trends 01 EXECUTIVE SUMMARY of the 2024 financial year UNPACKING OUR VALUE CREATION: 4 Our Chief Executive Officer’s report Our capital inputs, outcomes, trade-offs 34 and stakeholders impacted 10 Our business in 2024 40 Our stakeholder engagement 12 Our stakeholder impact in 2024 49 Our material risks and opportunities 01 EXECUTIVE 3 02 RCL FOODS OVERVIEW 61 Our leaders SUMMARY (Excluding Rainbow & Vector Logistics) 64 Our corporate governance 15 Our purpose 02 RCL FOODS 16 Our way 04 OUR STRATEGIC PROGRESS 14 OVERVIEW 17 Our brands 67 RCL FOODS 21 Our locations 73 Discontinued operation – Rainbow 03 HOW WE 22 Our history 25 OPERATE 05 OUR KEY REPORTS AND REVIEWS 23 Our business strategy 75 Our Chairman’s report 24 Our sustainability strategy OUR 79 Our Chief Financial Officer’s report 04 STRATEGIC 66 91 Pro forma financial information PROGRESS 96 Our five-year review OUR KEY 98 Definitions and ratios 05 REPORTS AND 74 99 Our five-year review – Total Operations REVIEWS 100 Our five-year review – Continuing Operations 06 SHAREHOLDER 103 Share information 104 INFORMATION 06 SHAREHOLDER INFORMATION 105 Shareholders’ diary 105 Corporate information RRCCLL FFOOOODDSS LLIIMMIITTEEDD AABBRRIIDDGGEEDD IINNTTEEGGRRAATTEEDD AANNNNUUAALL RREEPPOORRTT 22002244",RCL Foods 2024-Abridged-Integrated-Annual-Report-2 (2).pdf,2,REVIEW REQUIRED
RCL Foods Limited,2024.0,Environmental,Environmental,Natural Capital,"Please refer to page 2 for details on the report’s scope and boundary, the materiality and comparability of its information, and its assurance and approval.",RCL Foods 2024-Abridged-Integrated-Annual-Report-2 (2).pdf,3,REVIEW REQUIRED
RCL Foods Limited,2024.0,Governance,Governance,Intellectual Capital,RACLN FONODUS LAIMLITE D RCCLO FORODPS OLIMRITEADTE RRCLE FMOOUDS NLIMEITERDATION RKCLI NFOGOD SI LVIMITED FINANCIAL GOVERNANCE REPORT APPLICATION 2 S F2O0R T T0H A E Y2E T 2AR E 4EN3D M ED J E UNE NTS 2 R F20OR E T0HE2 P YE2A O R4 E3N R DED T JU N E 2 F2OR T 00HE YE22 AR E3N 4 DED JUNE R F22OR E T00HE G YE2A2 I R S E3N4D T ED E JUN R E MATERIAL ASPECTS AND COMPARABILITY Materiality has been applied to qualitative and quantitative disclosures contained in this Sustainable Business report.,RCL Foods 2024-Abridged-Integrated-Annual-Report-2 (2).pdf,4,REVIEW REQUIRED
RCL Foods Limited,2024.0,Governance,Governance,Intellectual Capital,"This Abridged Integrated Annual Report has been reviewed by the RCL FOODS Audit Committee and Board who have assessed its content and believe that it is presented in accordance with the Integrated Reporting (<IR>) Framework, that it addresses all material issues and fairly presents the integrated performance of the Group.",RCL Foods 2024-Abridged-Integrated-Annual-Report-2 (2).pdf,4,REVIEW REQUIRED
RCL Foods Limited,2024.0,Social,Social,Social & Relationship Capital,"EXECUTIVE RCL FOODS HOW WE OUR STRATEGIC OUR KEY REPORTS SHAREHOLDER 25 / 105 SUMMARY OVERVIEW OPERATE PROGRESS AND REVIEWS INFORMATION 03 HOW WE OPERATE 26 OUR VALUE CREATION MODEL OUR OPERATING CONTEXT 27 AND TRENDS UNPACKING OUR VALUE CREATION OUR CAPITAL INPUTS, 34 OUTCOMES, TRADE-OFFS AND STAKEHOLDERS IMPACTED OUR STAKEHOLDER 40 ENGAGEMENT OUR MATERIAL RISKS AND 49 OPPORTUNITIES 61 OUR LEADERS 64 OUR CORPORATE GOVERNANCE RCL FOODS LIMITED ABRIDGED INTEGRATED ANNUAL REPORT 2024",RCL Foods 2024-Abridged-Integrated-Annual-Report-2 (2).pdf,27,REVIEW REQUIRED
RCL Foods Limited,2024.0,Environmental,Environmental,Natural Capital,"EXECUTIVE RCL FOODS HOW WE OUR STRATEGIC OUR KEY REPORTS SHAREHOLDER 49 / 105 SUMMARY OVERVIEW OPERATE PROGRESS AND REVIEWS INFORMATION UNPACKING OUR VALUE CREATION OUR MATERIAL RISKS AND OPPORTUNITIES – CONTINUING OPERATIONS Our operations continue to navigate a highly dynamic environment, underscoring the imperative for adaptability and resilience.",RCL Foods 2024-Abridged-Integrated-Annual-Report-2 (2).pdf,51,REVIEW REQUIRED
RCL Foods Limited,2024.0,Environmental,Environmental,Natural Capital,"This has been and bond markets indicate growing trust most material risks that have the potential to compounded by high interest rates, fuel and food prices, and persistent logistical in the GNU which could further strengthen significantly impact our business performance and energy supply constraints.",RCL Foods 2024-Abridged-Integrated-Annual-Report-2 (2).pdf,51,REVIEW REQUIRED
RCL Foods Limited,2024.0,Environmental,Environmental,Natural Capital,"EXECUTIVE RCL FOODS HOW WE OUR STRATEGIC OUR KEY REPORTS SHAREHOLDER 50 / 105 SUMMARY OVERVIEW OPERATE PROGRESS AND REVIEWS INFORMATION OUR MATERIAL RISKS AND OPPORTUNITIES CONTINUED RISK NAME RISK CATEGORY ICON REFERENCE OUR CAPITALS 1 ENERGY SECURITY AND PRICING Business Interruption FC FINANCIAL CAPITAL 2 REDUCED DEMAND Economic HC HUMAN CAPITAL 3 PRICING PRESSURE Economic IC INTELLECTUAL CAPITAL 4 COMMODITY PRICING PRESSURE Economic MC MANUFACTURED CAPITAL 5 BUSINESS INTERRUPTION – SUPPLY CHAIN Business Interruption NC NATURAL CAPITAL 6 WATER SECURITY AND PRICING Climate Change/Business Interruption SC SOCIAL AND RELATIONSHIP CAPITAL 7 FOOD AND PRODUCT SAFETY Societal 8 SOCIETAL RISKS AND UNREST Societal OUR STAKEHOLDERS 9 NON-AVAILABILITY OF IT SYSTEMS Business Interruption COMMUNITIES 10 INDUSTRIAL ACTION Business Interruption CONSUMERS CUSTOMERS 11 NON-COMPLIANCE WITH LEGISLATION Compliance EMPLOYEES 12 BUSINESS INTERRUPTION – HEALTH AND SAFETY Business Interruption ENVIRONMENT 13 SUGAR INDUSTRY Economic GOVERNMENT 14 CASH MANAGEMENT Economic INVESTORS AND FUNDERS Refer to the Corporate Governance Report, available at MEDIA www.rclfoods.com/financial-results-and-reports-2024.",RCL Foods 2024-Abridged-Integrated-Annual-Report-2 (2).pdf,52,REVIEW REQUIRED
RCL Foods Limited,2024.0,Environmental,Environmental,Natural Capital,"EXECUTIVE RCL FOODS HOW WE OUR STRATEGIC OUR KEY REPORTS SHAREHOLDER 51 / 105 SUMMARY OVERVIEW OPERATE PROGRESS AND REVIEWS INFORMATION OUR MATERIAL RISKS AND OPPORTUNITIES CONTINUED 1 2 ENERGY SECURITY AND PRICING FC NC MC SC REDUCED DEMAND FC MC IC SC MATERIAL ISSUE MATERIAL ISSUE An improvement in Eskom’s reliability and performance of its coal generation The challenging macro-economic outlook characterised by high inflation and fleet, coupled with the significant work done by sites to install backup power unemployment levels, weak economic growth and high raw material input costs continue to fuel heightened consumer financial pressure.",RCL Foods 2024-Abridged-Integrated-Annual-Report-2 (2).pdf,53,REVIEW REQUIRED
RCL Foods Limited,2024.0,Environmental,Environmental,Natural Capital,"EXECUTIVE RCL FOODS HOW WE OUR STRATEGIC OUR KEY REPORTS SHAREHOLDER 52 / 105 SUMMARY OVERVIEW OPERATE PROGRESS AND REVIEWS INFORMATION OUR MATERIAL RISKS AND OPPORTUNITIES CONTINUED 3 PRICING PRESSURE FC MC SC 4 COMMODITY PRICE FLUCTUATIONS FC MC IC SC MATERIAL ISSUE MATERIAL ISSUE The Group is persistently confronted with prevailing macroeconomic challenges, The costs of our products are closely linked to the prices of essential commodities leading to escalating costs that prove difficult to transfer to consumers.",RCL Foods 2024-Abridged-Integrated-Annual-Report-2 (2).pdf,54,REVIEW REQUIRED
RCL Foods Limited,2024.0,Social,Social,Social & Relationship Capital,"EXECUTIVE RCL FOODS HOW WE OUR STRATEGIC OUR KEY REPORTS SHAREHOLDER 53 / 105 SUMMARY OVERVIEW OPERATE PROGRESS AND REVIEWS INFORMATION OUR MATERIAL RISKS AND OPPORTUNITIES CONTINUED 5 BUSINESS INTERRUPTION – SUPPLY CHAIN HC FC MC SC IC MATERIAL ISSUE Supply chain business interruption risk refers to the potential disruptions that can occur within the flow of goods, services and information from suppliers to customers.",RCL Foods 2024-Abridged-Integrated-Annual-Report-2 (2).pdf,55,REVIEW REQUIRED
RCL Foods Limited,2024.0,Environmental,Environmental,Natural Capital,EXECUTIVE RCL FOODS HOW WE OUR STRATEGIC OUR KEY REPORTS SHAREHOLDER 54 / 105 SUMMARY OVERVIEW OPERATE PROGRESS AND REVIEWS INFORMATION OUR MATERIAL RISKS AND OPPORTUNITIES CONTINUED 6 WATER SECURITY AND PRICING FC NC MC SC MATERIAL ISSUE Water security risk refers to the potential for shortages or interruptions in water supply that may impact our company’s operational continuity.,RCL Foods 2024-Abridged-Integrated-Annual-Report-2 (2).pdf,56,REVIEW REQUIRED
RCL Foods Limited,2024.0,Social,Social,Human Capital,"EXECUTIVE RCL FOODS HOW WE OUR STRATEGIC OUR KEY REPORTS SHAREHOLDER 55 / 105 SUMMARY OVERVIEW OPERATE PROGRESS AND REVIEWS INFORMATION OUR MATERIAL RISKS AND OPPORTUNITIES CONTINUED 7 FOOD AND PRODUCT SAFETY FC MC SC MATERIAL ISSUE At the core of our business, ensuring the safety of our food and products is our utmost priority.",RCL Foods 2024-Abridged-Integrated-Annual-Report-2 (2).pdf,57,REVIEW REQUIRED
RCL Foods Limited,2024.0,Social,Social,Social & Relationship Capital,"EXECUTIVE RCL FOODS HOW WE OUR STRATEGIC OUR KEY REPORTS SHAREHOLDER 56 / 105 SUMMARY OVERVIEW OPERATE PROGRESS AND REVIEWS INFORMATION OUR MATERIAL RISKS AND OPPORTUNITIES CONTINUED 8 SOCIETAL RISKS AND UNREST SC HC FC MATERIAL ISSUE Our business faces significant risks related to societal protests, civil unrest, or turbulence in the external community.",RCL Foods 2024-Abridged-Integrated-Annual-Report-2 (2).pdf,58,REVIEW REQUIRED
RCL Foods Limited,2024.0,Environmental,Environmental,Natural Capital,"EXECUTIVE RCL FOODS HOW WE OUR STRATEGIC OUR KEY REPORTS SHAREHOLDER 57 / 105 SUMMARY OVERVIEW OPERATE PROGRESS AND REVIEWS INFORMATION OUR MATERIAL RISKS AND OPPORTUNITIES CONTINUED 9 NON-AVAILABILITY OF INFORMATION TECHNOLOGY (IT) SYSTEMS FC MC IC HC SC MATERIAL ISSUE The increasing dependence on technology presents businesses with a spectrum of operational, security and strategic risks.",RCL Foods 2024-Abridged-Integrated-Annual-Report-2 (2).pdf,59,REVIEW REQUIRED
RCL Foods Limited,2024.0,Governance,Governance,Intellectual Capital,EXECUTIVE RCL FOODS HOW WE OUR STRATEGIC OUR KEY REPORTS SHAREHOLDER 58 / 105 SUMMARY OVERVIEW OPERATE PROGRESS AND REVIEWS INFORMATION OUR MATERIAL RISKS AND OPPORTUNITIES CONTINUED 10 INDUSTRIAL ACTION HC SC 11 NON-COMPLIANCE WITH LAWS FC MC NC IC HC SC AND REGULATIONS MATERIAL ISSUE MATERIAL ISSUE The risk of industrial action poses a concern to our company’s operations and The regulatory and compliance landscape within which we operate is complex and overall performance.,RCL Foods 2024-Abridged-Integrated-Annual-Report-2 (2).pdf,60,REVIEW REQUIRED
RCL Foods Limited,2024.0,Social,Social,Human Capital,EXECUTIVE RCL FOODS HOW WE OUR STRATEGIC OUR KEY REPORTS SHAREHOLDER 59 / 105 SUMMARY OVERVIEW OPERATE PROGRESS AND REVIEWS INFORMATION OUR MATERIAL RISKS AND OPPORTUNITIES CONTINUED 12 BUSINESS INTERRUPTION HC FC MC SC 13 CASH MANAGEMENT FC MC SC – HEALTH AND SAFETY MATERIAL ISSUE MATERIAL ISSUE The Group continues to prioritise health and safety risks as a paramount concern.,RCL Foods 2024-Abridged-Integrated-Annual-Report-2 (2).pdf,61,REVIEW REQUIRED
RCL Foods Limited,2024.0,Environmental,Environmental,Natural Capital,"EXECUTIVE RCL FOODS HOW WE OUR STRATEGIC OUR KEY REPORTS SHAREHOLDER 60 / 105 SUMMARY OVERVIEW OPERATE PROGRESS AND REVIEWS INFORMATION OUR MATERIAL RISKS AND OPPORTUNITIES CONTINUED 14 SUGAR INDUSTRY HC FC MC SC MATERIAL ISSUE Whilst the outlook of the sugar industry is improving, the uncertainty surrounding the successful outcome of the business rescue processes at Tongaat and Gledhow remains a key risk to the Sugar operating unit.",RCL Foods 2024-Abridged-Integrated-Annual-Report-2 (2).pdf,62,REVIEW REQUIRED
RCL Foods Limited,2024.0,Environmental,Environmental,Natural Capital,Chief Financial Officer Refer to page 49 of this report for a discussion over our material risks and responses.,RCL Foods 2024-Abridged-Integrated-Annual-Report-2 (2).pdf,92,REVIEW REQUIRED
RCL Foods Limited,2025.0,Social,Social,Social & Relationship Capital,"1 RCL FOODS Integrated Annual Report 2025 TABLE OF CONTENTS 05 INTRODUCTION INTRODUCTION 1 PERFORMANCE AGAINST OUR STRATEGY 50 Our reporting suite 2 People First 51 OUR BUSINESS Navigating this report 3 Right Growth 58 About this report 4 Future Fit 63 STRATEGY AND VALUE CREATION 01 06 OUR OPERATING OUR BUSINESS 6 CORPORATE GOVERNANCE REPORT 69 CONTEXT Who we are 7 Statement of compliance 70 Where we operate 9 Board governance 71 LEADERSHIP OVERVIEW The year at a glance 10 Governance process 78 PERFORMANCE 02 07 AGAINST OUR STRATEGY STRATEGY AND VALUE CREATION 11 REMUNERATION REPORT 79 CORPORATE Our integrated strategy 12 Part 1: 80 GOVERNANCE REPORT Statement from the Chairperson Our value creation model 13 Part 2: 82 REMUNERATION Capitals, trade-offs and stakeholder 14 Our Remuneration Policy and strategy REPORT outcomes Part 3: 89 Implementation report FINANCIAL REVIEW 03 08 SUPPLEMENTARY OUR OPERATING CONTEXT 18 FINANCIAL REVIEW 92 INFORMATION Operating trends and environment 19 Pro forma financial information 93 Our stakeholder engagement 24 Definitions and ratios 95 Material risks and opportunities 29 Our five-year review 96 Share information 101 04 09 LEADERSHIP OVERVIEW 37 SUPPLEMENTARY INFORMATION 102 Chairman’s report 38 ESG data tables 103 CEO’s report 40 Glossary and abbreviations 110 CFO’s report 42 Corporate information 111",RCL Foods 2025-Integrated-Annual-Report (1).pdf,2,REVIEW REQUIRED
RCL Foods Limited,2025.0,Environmental,Environmental,Natural Capital,Our reporting suite Navigating this report MATERIALITY RCL FOODS is listed on the JSE Limited in the Food Products sector.,RCL Foods 2025-Integrated-Annual-Report (1).pdf,5,REVIEW REQUIRED
RCL Foods Limited,2025.0,Environmental,Environmental,Natural Capital,About this report Materiality guides the disclosures included in the IAR.,RCL Foods 2025-Integrated-Annual-Report (1).pdf,5,REVIEW REQUIRED
RCL Foods Limited,2025.0,Environmental,Environmental,Natural Capital,"We define It is the holding company of three principal operating subsidiaries, material matters as those that could meaningfully affect RCL FOODS Sugar and Milling Proprietary Limited, RCL Group RCL FOODS’ ability to create, preserve or erode value over time, OUR BUSINESS Services Proprietary Limited and Foodcorp Proprietary Limited.",RCL Foods 2025-Integrated-Annual-Report (1).pdf,5,REVIEW REQUIRED
RCL Foods Limited,2025.0,Governance,Governance,Intellectual Capital,"VALUE CREATION SCOPE AND BOUNDARY PURPOSE-LED VALUE This IAR presents a holistic view of the Group’s CREATION AND REPORTING To determine what is most relevant for inclusion in our reporting OUR OPERATING strategy, governance, performance and Our purpose – We Grow What Matters – suite, we apply a double materiality approach.",RCL Foods 2025-Integrated-Annual-Report (1).pdf,5,REVIEW REQUIRED
RCL Foods Limited,2025.0,Environmental,Environmental,Natural Capital,"This considers: CONTEXT prospects for the 2025 financial year, with guides how we drive our strategy, manage z Financial materiality: matters that impact our ability to create IMPACT relevant comparatives to the previous period.",RCL Foods 2025-Integrated-Annual-Report (1).pdf,5,REVIEW REQUIRED
RCL Foods Limited,2025.0,Environmental,Environmental,Natural Capital,"In line with the principles z Impact materiality: our broader impact on the environment, MATERIALITY LEADERSHIP OVERVIEW non-financial information relates to the of integrated thinking, we consider the communities and society within the IAR’s reporting boundary This report also Group’s continuing operations in South Africa.",RCL Foods 2025-Integrated-Annual-Report (1).pdf,5,REVIEW REQUIRED
RCL Foods Limited,2025.0,Environmental,Environmental,Natural Capital,"these disclosures REMUNERATION results excludes material once-offs and within our IAR enables REPORT accounting adjustments to enable a like-for- In the 2025 reporting cycle, we have a holistic view of how like comparison between the current and embedded our sustainability disclosures – material sustainability FINANCIAL prior period, thereby enabling investors and previously published in a standalone Double matters influence FINANCIAL REVIEW shareholders to gain a more meaningful view Sustainable Business Report – into our MATERIALITY materiality enterprise value and of the business’ underlying performance.",RCL Foods 2025-Integrated-Annual-Report (1).pdf,5,REVIEW REQUIRED
RCL Foods Limited,2025.0,Governance,Governance,Intellectual Capital,The Audit Committee and the Board have PERFORMANCE reviewed the report to ensure that it addresses all material matters and presents a AGAINST OUR STRATEGY fair and balanced view of the Group’s performance and prospects in the context of 3RD LINE 2ND LINE 4TH LINE its integrated strategy.,RCL Foods 2025-Integrated-Annual-Report (1).pdf,6,REVIEW REQUIRED
RCL Foods Limited,2025.0,Social,Social,Social & Relationship Capital,18 RCL FOODS Integrated Annual Report 2025 INTRODUCTION OUR BUSINESS STRATEGY AND VALUE CREATION OUR OPERATING CONTEXT LEADERSHIP OVERVIEW PERFORMANCE AGAINST OUR STRATEGY CORPORATE GOVERNANCE REPORT REMUNERATION REPORT FINANCIAL REVIEW SUPPLEMENTARY INFORMATION 03 OUR OPERATING TRENDS AND ENVIRONMENT OPERATING OUR STAKEHOLDER ENGAGEMENT CONTEXT MATERIAL RISKS AND OPPORTUNITIES,RCL Foods 2025-Integrated-Annual-Report (1).pdf,19,REVIEW REQUIRED
RCL Foods Limited,2025.0,Social,Social,Human Capital,OUR BUSINESS STRATEGY AND VALUE CREATION Rising consumer price OUR OPERATING sensitivity and CONTEXT value-driven purchasing Operating trends behaviour and environment Rapid Our stakeholder acceleration of 1 Evolving engagement digital innovation consumer food and automation preferences Material risks and across the opportunities value chain 2 7 LEADERSHIP OVERVIEW PERFORMANCE KEY TRENDS AGAINST OUR STRATEGY INFORMING OUR STRATEGIC CORPORATE RESPONSE Tightening A shift to GOVERNANCE REPORT 6 competition for 3 premiumisation critical skills and and humanisation future-fit talent in pet nutrition REMUNERATION REPORT FINANCIAL REVIEW 5 4 SUPPLEMENTARY Heightened INFORMATION expectations An increasingly for corporate constrained and accountability volatile resource and social environment responsibility,RCL Foods 2025-Integrated-Annual-Report (1).pdf,20,REVIEW REQUIRED
RCL Foods Limited,2025.0,Environmental,Environmental,Natural Capital,Material risks and opportunities 33.5% DISPOSABLE INCOME 8.2 MILLION 62% PEOPLE OUR STRATEGIC RESPONSE LEADERSHIP OVERVIEW WITHOUT JOBS z Deepening our use of category and consumer insights to inform our pricing and promotional strategies across key brands.,RCL Foods 2025-Integrated-Annual-Report (1).pdf,21,REVIEW REQUIRED
RCL Foods Limited,2025.0,Social,Social,Human Capital,"Our stakeholder z Health and alternatives There is opportunity to deepen consumer engagement wellness: Whole z Transparency connection through digital platforms, KEY OPPORTUNITIES foods, functional and clean labelling: including e-commerce and retail media, Material risks and Simple, recognisable The growth in pet-related spend, along with the expansion of specialised retail and digital ing n n r o u e n t d r - i i a t e i l n o co t n s h , a o c n l l i e d c a n in a g rt r i e fi d c i i e a n l a ts d w di i t t i h ve n s o w a re g h s i p l i e c o h b n s r s a u iv n p e d p n o m e r s t e s m .",RCL Foods 2025-Integrated-Annual-Report (1).pdf,22,REVIEW REQUIRED
RCL Foods Limited,2025.0,Environmental,Environmental,Natural Capital,"We remain committed to ensuring Material risks and access to safe, affordable food and conducting business in a socially responsive and responsible manner.",RCL Foods 2025-Integrated-Annual-Report (1).pdf,23,REVIEW REQUIRED
RCL Foods Limited,2025.0,Social,Social,Social & Relationship Capital,"z D p d r i e g o p i m t l a o o l y t a i i n n o g n d a n d l e a e w t v a a t l s o u c o a i l e t s i n o a c n n e d t s o k t o e il l c l s s h a n n o d lo t g h i e e s d t e o v e im lo p p r m ov e e n t of O en u g r a s g ta e k m eh en ol t der 77% IN 2023 QUALIFYING PER YEAR IN 2025 THE PAST FIVE YEARS commercial decision-making, optimise resource use and enhance cost efficiency, particularly in areas such Material risks and as commodity trading, customer spend management opportunities KEY OPPORTUNITIES and agricultural operations z Expanding business process automation to contain Using digital technology to harness consumer At RCL FOODS, these constraints are most experienced in the availability of technical artisans and engineers.",RCL Foods 2025-Integrated-Annual-Report (1).pdf,24,REVIEW REQUIRED
RCL Foods Limited,2025.0,Social,Social,Human Capital,gnikam-noisiced dna gninnalp cigetarts no ecneulfni fo leveL 24 RCL FOODS Integrated Annual Report 2025 INTRODUCTION OUR BUSINESS STRATEGY AND VALUE CREATION OUR OPERATING CONTEXT Operating trends INVESTORS and environment AND FUNDERS Our stakeholder CONSUMERS CUSTOMERS engagement Material risks and UNIONS EMPLOYEES opportunities GOVERNMENT LEADERSHIP OVERVIEW MUNICIPALITIES SUPPLIERS PERFORMANCE NON-GOVERNMENTAL COMMUNITIES AGAINST OUR STRATEGY ORGANISATIONS AND ASSOCIATIONS DO MORE FOUNDATION PARTNERS CORPORATE GOVERNANCE REPORT REMUNERATION REPORT COMPETITORS FINANCIAL REVIEW MEDIA SUPPLEMENTARY INFORMATION ACTIVISTS ACADEMIC RESEARCH INSTITUTIONS Level of interest in RCL FOODS activities,RCL Foods 2025-Integrated-Annual-Report (1).pdf,25,REVIEW REQUIRED
RCL Foods Limited,2025.0,Social,Social,Human Capital,"CONTEXT Operating trends and environment KEY COMMUNITY NEEDS AND EXPECTATIONS KEY CUSTOMER NEEDS AND EXPECTATIONS Our stakeholder z Local employment creation, particularly among z Opportunities for skills transfer, enterprise z Product quality and food safety z Supply chain efficiency and working capital engagement youth development and supplier inclusion z Responsive service levels by RCL FOODS management z Improved food security for vulnerable families z Support for local animal welfare initiatives z Tailored sales solutions z Mutually beneficial partnerships Material risks and z Need for expertise with regard to ECD and z Collaboration to address service delivery gaps and z Profitable category growth z Promotional participation opportunities opportunities enterprise development issues infrastructure challenges, with increasing z Expanded community access to ECD support expectations for business to contribute to solutions LEADERSHIP OVERVIEW HOW WE ENGAGE HOW WE ENGAGE RCL FOODS’ community engagement is guided by a five-pillar activation strategy.",RCL Foods 2025-Integrated-Annual-Report (1).pdf,26,REVIEW REQUIRED
RCL Foods Limited,2025.0,Social,Social,Human Capital,"OUR OPERATING CONTEXT KEY CONSUMER NEEDS AND EXPECTATIONS KEY EMPLOYEE NEEDS AND EXPECTATIONS Operating trends and environment z Consistent product availability and reliable shelf presence z Products designed to deliver nutritional value z Opportunities for career growth, upskilling and z Flexibility through remote or hybrid working z Safe, high-quality food products z Responsible production that minimises education options Our stakeholder z Practical solutions to deliver quality nutrition at an accessible environmental and social impact z A diverse, inclusive and equitable workplace z Participation in long-term value creation engagement cost, especially in the context of household food insecurity z Transparent communication and constructive initiatives or schemes z Convenient product formats suited to modern lifestyles employee engagement z Support for work-life integration, particularly for Material risks and z Clear and compliant labelling aligned with regulatory z Health, safety and holistic wellness support employees with parenting responsibilities requirements z Fair and competitive remuneration and benefits opportunities z Purpose-driven work that enables community impact LEADERSHIP OVERVIEW HOW WE ENGAGE HOW WE ENGAGE We engage with consumers through multiple channels that provide feedback, support and information.",RCL Foods 2025-Integrated-Annual-Report (1).pdf,27,REVIEW REQUIRED
RCL Foods Limited,2025.0,Environmental,Environmental,Natural Capital,"CONTEXT Operating trends KEY GOVERNMENT NEEDS AND EXPECTATIONS KEY INVESTOR AND FUNDER NEEDS AND EXPECTATIONS and environment z A sustainable sugar industry, given the z Sustainable land reform z Strategic clarity on the Group’s long-term portfolio z Recovery prospects relating to South African Sugar Our stakeholder uncertainty surrounding the business rescue z Industry transformation direction, including rationale for recent Association (SASA) defaults and broader implications proceedings of Tongaat Hulett Sugar and z Employment equity and B-BBEE restructuring decisions, scale ambitions, future for financial resilience engagement Gledhow Sugar Company z Compliance with water usage rights merger and acquisition intentions, and the role of z Assessment of industry master plans, with questions z Effective import tariff mechanisms for key z Ongoing compliance with relevant legislation and the Sugar business around the durability and effectiveness of the Sugar Material risks and categories (such as sugar, wheat and peanuts) regulatory frameworks z Growth and return outlook, particularly in the sector initiatives opportunities z Improved energy and water security z Employment creation and socioeconomic transformation context of subdued consumer demand, commodity z Confidence in operational execution, including delivery z Infrastructure development z Support for national food security objectives input cost pressure, and scope for margin recovery of continuous improvement benefits a",RCL Foods 2025-Integrated-Annual-Report (1).pdf,28,REVIEW REQUIRED
RCL Foods Limited,2025.0,Social,Social,Human Capital,"Operating trends and environment KEY MEDIA NEEDS AND EXPECTATIONS KEY SUPPLIER NEEDS AND EXPECTATIONS Our stakeholder z Timely news about RCL FOODS and its operational z Adapting to evolving media consumption habits z By providing transparent insights into RCL FOODS’ z Ensuring the ability to consistently meet engagement and financial performance while maintaining engagement with traditional procurement priorities and category requirements, we RCL FOODS’ minimum food safety requirements z Updates on current industry and consumer issues media where relevant enable our suppliers to effectively manage risks, reduce enhances our suppliers’ reliability and Material risks and z Information on RCL FOODS’ CSI initiatives, including z Timely and accurate responses to media queries costs, and drive continuous improvement strengthens their partnership with us providing communities with relevant information and maintaining open channels of engagement, z A collaborative approach to build win-win partnerships, z Support in navigating local and global material opportunities through media channels, such as the DO MORE particularly during issues or reputational risks particularly in tough economic conditions supply chain disruptions, including those arising FOUNDATION’s Eat Love Play Talk radio z Greater local sourcing opportunities, given the limited from pandemics or international constraints programmes aired on community stations availability of accredited suppliers for some critical LEADE",RCL Foods 2025-Integrated-Annual-Report (1).pdf,29,REVIEW REQUIRED
RCL Foods Limited,2025.0,Environmental,Environmental,Natural Capital,"MATERIAL RISKS AND OPPORTUNITIES We view risk management not only as a safeguard, but as a strategic enabler.",RCL Foods 2025-Integrated-Annual-Report (1).pdf,30,REVIEW REQUIRED
RCL Foods Limited,2025.0,Environmental,Environmental,Natural Capital,OUR TOP RISKS Our material risks are ranked on an inherent basis to establish a clear understanding of our exposure before the application of controls.,RCL Foods 2025-Integrated-Annual-Report (1).pdf,30,REVIEW REQUIRED
RCL Foods Limited,2025.0,Environmental,Environmental,Natural Capital,"Material risks were surfaced through structured leadership input 2025 TOP RISKS* RISK CATEGORIES 2025 TOP RISKS* RISK CATEGORIES 2025 TOP RISKS* RISK CATEGORIES and formalised through the ERM process, with final approval by the Risk Committee.",RCL Foods 2025-Integrated-Annual-Report (1).pdf,30,REVIEW REQUIRED
RCL Foods Limited,2025.0,Social,Social,Human Capital,tcapmi fo eergeD hgiH muideM Low Medium High Degree of likelihood woL 29 RCL FOODS Integrated Annual Report 2025 INTRODUCTION OUR BUSINESS Zone of interest STRATEGY AND VALUE CREATION CP Commodity pricing ESP E an n d er p g r y i c s i e n c g urity FPS F p o ro o d d u a c n t d s afety PP Pricing pressure O CO U N R T O E P X E T RATING SI Sugar industry RD Reduced demand Operating trends SU Societal unrest NCL N w o it n h - c le o g m is p la li t a io n n ce and environment Our stakeholder engagement WSP W an a d t e p r r i s c e in cu g rity SCD S d u is p ru p p ly t i c o h n ain Material risks and opportunities IT N of o I n T - a sy v s a t i e la m bi s lity IA Industrial action LEADERSHIP OVERVIEW HS Health and safety PERFORMANCE AGAINST OUR STRATEGY CORPORATE GOVERNANCE REPORT REMUNERATION REPORT FINANCIAL REVIEW SUPPLEMENTARY INFORMATION,RCL Foods 2025-Integrated-Annual-Report (1).pdf,30,REVIEW REQUIRED
RCL Foods Limited,2025.0,Environmental,Environmental,Natural Capital,"z Implementation of energy efficiency and conservation projects CONTEXT z Maintaining buffer supply of stock on site Operating trends LINK TO CAPITALS: STAKEHOLDERS IMPACTED: OVERSIGHT: and environment Group Risk Committee and Social and Ethics Committee; Business unit Governance Committee Our stakeholder engagement Material risks and opportunities HS HEALTH AND SAFETY LEADERSHIP OVERVIEW RISK CONTEXT AND RISK RESPONSE The Group remains steadfast in its POTENTIAL IMPACT OPPORTUNITY FOR VALUE CREATION PERFORMANCE commitment to prioritising health and z Significant increase in employee z Safety awareness initiatives, including Safety Days and Safety There is opportunity to enhance health and safety AGAINST OUR STRATEGY safety as a core operational imperative.",RCL Foods 2025-Integrated-Annual-Report (1).pdf,31,REVIEW REQUIRED
RCL Foods Limited,2025.0,Social,Social,Human Capital,and information security potential losses from cyber risk and environment z Data classification and retention incidents Our stakeholder engagement LINK TO CAPITALS: STAKEHOLDERS IMPACTED: OVERSIGHT: Material risks and Group Risk Committee; Business unit Governance Committee opportunities LEADERSHIP OVERVIEW SCD SUPPLY CHAIN DISRUPTION PERFORMANCE AGAINST OUR STRATEGY RISK CONTEXT AND POTENTIAL IMPACT RISK RESPONSE Supply chain disruption remains a OPPORTUNITY FOR z Supply disruption due to shortages in raw VALUE CREATION CORPORATE material risk to operational z Assessing and strengthening supply chain z Collaborating closely with external risk GOVERNANCE REPORT continuity and performance.,RCL Foods 2025-Integrated-Annual-Report (1).pdf,32,REVIEW REQUIRED
RCL Foods Limited,2025.0,Environmental,Environmental,Natural Capital,"water supply Risk Committee areas to inform long-term Operating trends sustainability planning and environment LINK TO CAPITALS: STAKEHOLDERS IMPACTED: OVERSIGHT: Our stakeholder engagement Group Risk Committee and Social and Ethics Committee; Business unit Governance Committee Material risks and opportunities LEADERSHIP OVERVIEW NCL NON-COMPLIANCE WITH LEGISLATION PERFORMANCE RISK CONTEXT AND POTENTIAL IMPACT RISK RESPONSE The Group operates in a highly regulated OPPORTUNITY FOR AGAINST OUR STRATEGY and evolving regulatory environment, z Non-compliance with legislation and z Implementation of the RCL FOODS z Development and maintenance of VALUE CREATION where compliance with laws and industry regulations, resulting in fines and Compliance Framework to ensure appropriate policies, systems, Strong compliance CORPORATE standards is integral to maintaining our penalties accountability, prioritisation and procedures and reporting practices not only GOVERNANCE REPORT licence to operate and protecting our z Possible reputational damage to brands adherence to key legislation mechanisms mitigate risk, but r c e o p m u p ta re ti h o e n n .",RCL Foods 2025-Integrated-Annual-Report (1).pdf,33,REVIEW REQUIRED
RCL Foods Limited,2025.0,Social,Social,Social & Relationship Capital,"Our stakeholder engagement LINK TO CAPITALS: STAKEHOLDERS IMPACTED: OVERSIGHT: Material risks and Group Risk Committee; Business unit Governance Committee; Procurement Committee opportunities LEADERSHIP OVERVIEW PERFORMANCE PP PRICING PRESSURE AGAINST OUR STRATEGY RISK CONTEXT AND POTENTIAL IMPACT RISK RESPONSE Escalating input costs and constrained OPPORTUNITY FOR VALUE CREATION CORPORATE z Challenging macro and microeconomic pricing levers continue to place pressure on conditions placing pressure on pricing and cost z Emphasising cost reductions, operational The Group is pursuing acquisition GOVERNANCE REPORT margin resilience.",RCL Foods 2025-Integrated-Annual-Report (1).pdf,34,REVIEW REQUIRED
RCL Foods Limited,2025.0,Social,Social,Social & Relationship Capital,and environment Our stakeholder LINK TO CAPITALS: STAKEHOLDERS IMPACTED: OVERSIGHT: engagement Group Risk Committee; Business unit Governance Committee Material risks and opportunities LEADERSHIP OVERVIEW SI SUGAR INDUSTRY PERFORMANCE AGAINST OUR STRATEGY RISK CONTEXT AND RISK RESPONSE The South African sugar industry faces OPPORTUNITY FOR POTENTIAL IMPACT an uncertain outlook amid significant Regulatory uncertainty in the z Legal monitoring and oversight on the VALUE CREATION CORPORATE structural and regulatory changes.,RCL Foods 2025-Integrated-Annual-Report (1).pdf,35,REVIEW REQUIRED
RCL Foods Limited,2025.0,Social,Social,Human Capital,"equipment to further enhance food safety Our stakeholder engagement Material risks and LINK TO CAPITALS: STAKEHOLDERS IMPACTED: OVERSIGHT: opportunities Group Risk Committee and Social and Ethics Committee; Business unit Governance Committee LEADERSHIP OVERVIEW PERFORMANCE IA INDUSTRIAL ACTION AGAINST OUR STRATEGY The potential for industrial action RISK CONTEXT AND RISK RESPONSE OPPORTUNITY FOR CORPORATE POTENTIAL IMPACT GOVERNANCE REPORT remains a key operational z Continual engagements and z Minimising the business interruption impact VALUE CREATION z Loss of production and c D d o i i s s n p r s u u id p te e ti s r o a o n t r i s o w s n u o f c r o k h r s a t t h s o e s p t G p ri a r k o g e u e s p , s .",RCL Foods 2025-Integrated-Annual-Report (1).pdf,36,REVIEW REQUIRED
RCL Foods Limited,2025.0,Social,Social,Social & Relationship Capital,Operating trends and environment Our stakeholder LINK TO CAPITALS: STAKEHOLDERS IMPACTED: OVERSIGHT: engagement Group Risk Committee and Social and Ethics Committee; Business unit Governance Committee Material risks and opportunities LEADERSHIP OVERVIEW PERFORMANCE AGAINST OUR STRATEGY CORPORATE GOVERNANCE REPORT REMUNERATION REPORT FINANCIAL REVIEW SUPPLEMENTARY INFORMATION,RCL Foods 2025-Integrated-Annual-Report (1).pdf,37,REVIEW REQUIRED
RCL Foods Limited,2025.0,Environmental,Environmental,Natural Capital,"The Group has a R1 500,0 million debt package, with a PRESENTATION DATE OF RESULTS to self insure predictable losses and less material risks, which five-year term expiring in December 2029, with interest at a STRATEGY AND are not administratively cost effective to transfer to insurers.",RCL Foods 2025-Integrated-Annual-Report (1).pdf,50,REVIEW REQUIRED
RCL Foods Limited,2025.0,Environmental,Environmental,Natural Capital,"Refer to the Our material risks and opportunities section We declared a final cash dividend of 40.0 cents per share, from page 29 for details on our risk management processes.",RCL Foods 2025-Integrated-Annual-Report (1).pdf,50,REVIEW REQUIRED
RCL Foods Limited,2025.0,Environmental,Environmental,Natural Capital,"The function’s objective is to: FINANCIAL RISK MANAGEMENT z Ensure sufficient cash resources are available to meet working CONCLUSION SUPPLEMENTARY We operate in a highly dynamic environment, where rising capital requirements across the Group INFORMATION imports, fluctuating global commodity prices and evolving z Ensure excess cash is pooled and invested optimally The business continues to improve its quality of earnings and tariff structures continue to present material risks – z Determine and implement an optimal level of debt financing cash conversion, which, coupled with sound capital allocation, particularly in sugar and wheat.",RCL Foods 2025-Integrated-Annual-Report (1).pdf,50,REVIEW REQUIRED
RCL Foods Limited,2025.0,Environmental,Environmental,Natural Capital,LEADERSHIP OVERVIEW z Discussed and considered material issues GCJ Tielenius Kruythoff and RM Rushton relating to execution of strategy COMPANY SECRETARY to be independent.,RCL Foods 2025-Integrated-Annual-Report (1).pdf,73,REVIEW REQUIRED
RCL Foods Limited,2025.0,Governance,Governance,Intellectual Capital,"z Considered the material risks facing the good corporate governance starts with z Approves the external audit fees Group, encompassing strategic, The Committee is satisfied that it has fulfilled its leadership, and it is necessary to operate z Ensures that the internal audit function is operational, compliance, financial and STRATEGY AND responsibilities in accordance with its approved with integrity and comply with relevant independent and effective reputational risks VALUE CREATION committee charter.",RCL Foods 2025-Integrated-Annual-Report (1).pdf,74,REVIEW REQUIRED
RCL Foods Limited,2025.0,Governance,Governance,Intellectual Capital,"For more detail on the Group’s OUR OPERATING opportunities and initiatives, visit our website at CONTEXT https://rclfoods.com/financial-results-and-reports-2025/ RCL FOODS takes an enterprise-wide approach to risk management, enabling a formal and systematic process Through the Risk Committee, the Board monitors and reviews the for identifying and assessing the Group’s material risks.",RCL Foods 2025-Integrated-Annual-Report (1).pdf,76,REVIEW REQUIRED
RCL Foods Limited,2025.0,Social,Social,Human Capital,"COMMITTEE RCL FOODS applies a combined assurance framework with five lines of defence to co-ordinate the efforts of management, PERFORMANCE The Chairperson of the Audit Committee is also a member internal assurance providers and external assurance providers to AGAINST OUR STRATEGY of the Risk Committee, and the Chairperson of the Risk ensure collaboration and provide a holistic view of our risk profile Committee is an ex officio member of the Audit Oversight of the Group’s material risks and opportunities, and assurance activities.",RCL Foods 2025-Integrated-Annual-Report (1).pdf,76,REVIEW REQUIRED
RCL Foods Limited,2025.0,Environmental,Environmental,Natural Capital,The material risks impacting the Group are detailed in the material risks and opportunities section from page 29 of the IAR.,RCL Foods 2025-Integrated-Annual-Report (1).pdf,76,REVIEW REQUIRED
RCL Foods Limited,2025.0,Environmental,Environmental,Natural Capital,"This includes identifying material topics, REPORT and information management to ensure that managing ESG risks and opportunities, and have continued to mature.",RCL Foods 2025-Integrated-Annual-Report (1).pdf,78,REVIEW REQUIRED
RCL Foods Limited,2023.0,Environmental,Environmental,Natural Capital,"Please refer to page 1 for details on the report’s scope and boundary, the materiality and comparability of its information, and its assurance and approval.",RCL Foods Abridged-Integrated-Annual-Report-2023 (1).pdf,2,REVIEW REQUIRED
RCL Foods Limited,2023.0,Social,Social,Social & Relationship Capital,Stakeholders are also directed Group) to enable them to obtain a better understanding of addresses all material issues and fairly presents the integrated to the Group’s website for this report and other relevant its long-term prospects.,RCL Foods Abridged-Integrated-Annual-Report-2023 (1).pdf,3,REVIEW REQUIRED
RCL Foods Limited,2023.0,Environmental,Environmental,Natural Capital,"RELATED REPORTS MATERIAL ASPECTS AND COMPARABILITY This Abridged Integrated Annual Report forms part of, and should be read in conjunction with, a suite of reports available online on our website, namely: Materiality has been applied to qualitative and quantitative disclosures contained in this report.",RCL Foods Abridged-Integrated-Annual-Report-2023 (1).pdf,3,REVIEW REQUIRED
RCL Foods Limited,2023.0,Social,Social,Social & Relationship Capital,"EXECUTIVE OUR BUSINESS HOW WE OUR STRATEGIC OUR KEY REPORTS ABRIDGED FINANCIAL SUMMARY OVERVIEW OPERATE PROGRESS AND REVIEWS STATEMENTS CONTENTS 1 About the report 3 EXECUTIVE SUMMARY 25 HOW WE OPERATE 91 ABRIDGED FINANCIAL OF THE 2023 FINANCIAL YEAR STATEMENTS 26 Our operating context and trends 4 Our CEO’s report REGULATORY APPROVALS 33 Our value creation model 12 Our business at a glance 92 Letter to shareholders UNPACKING OUR VALUE CREATION 14 Our impact in 2023 93 Report of the audit committee 34 Our capital inputs, outcomes, trade-offs and stakeholders impacted 16 OUR BUSINESS OVERVIEW ABRIDGED FINANCIAL STATEMENTS 40 Our stakeholder engagement 96 Consolidated statement of financial position 17 Our purpose 49 Our material risks 97 Consolidated income statement 18 Our business strategy 56 Our leaders 98 Consolidated statement of comprehensive 19 Our way 58 Our corporate governance income 20 Our sustainability strategy 60 OUR STRATEGIC PROGRESS 99 Consolidated cash flow information 21 Our brands 100 Consolidated statement of changes in equity 61 RCL FOODS Value-Added Business 23 Our history 101 Supplementary information 66 Rainbow 24 Our locations 102 Segmental analysis 67 OUR KEY REPORTS AND REVIEWS 104 Notes to the abridged financial statements 68 Our Chairman’s report SHAREHOLDER INFORMATION 71 Our CFO’s report 115 Notice of Annual General Meeting 82 Pro Forma Financial Statements 121 Form of proxy 85 Definitions and ratios 123 Shareholders’ diary 86 Our five-year revi",RCL Foods Abridged-Integrated-Annual-Report-2023 (1).pdf,4,REVIEW REQUIRED
RCL Foods Limited,2023.0,Social,Social,Social & Relationship Capital,"EXECUTIVE OUR BUSINESS HOW WE OUR STRATEGIC OUR KEY REPORTS ABRIDGED FINANCIAL SUMMARY OVERVIEW OPERATE PROGRESS AND REVIEWS STATEMENTS 26 OUR OPERATING CONTEXT AND TRENDS 33 OUR VALUE CREATION MODEL UNPACKING OUR VALUE CREATION 34 OUR CAPITAL INPUTS, OUTCOMES, HOW WE TRADE-OFFS AND STAKEHOLDERS IMPACTED OPERATE 40 OUR STAKEHOLDER ENGAGEMENT 49 OUR MATERIAL RISKS 56 OUR LEADERS 58 OUR CORPORATE GOVERNANCE 3202 TROPER LAUNNA DETARGETNI DEGDIRBA DETIMIL SDOOF LCR 25",RCL Foods Abridged-Integrated-Annual-Report-2023 (1).pdf,27,REVIEW REQUIRED
RCL Foods Limited,2023.0,Environmental,Environmental,Natural Capital,"EXECUTIVE OUR BUSINESS HOW WE OUR STRATEGIC OUR KEY REPORTS ABRIDGED FINANCIAL SUMMARY OVERVIEW OPERATE PROGRESS AND REVIEWS STATEMENTS Unpacking our value creation OUR MATERIAL RISKS Over the past year, our operations have been subject to a remarkably dynamic environment, emphasising the need for adaptability and resilience.",RCL Foods Abridged-Integrated-Annual-Report-2023 (1).pdf,51,REVIEW REQUIRED
RCL Foods Limited,2023.0,Environmental,Environmental,Natural Capital,"Socio-economic Through our ERM process we have identified the most challenges have been further exacerbated by rising fuel and material risks that have the potential to significantly impact 08 Societal Risks and Unrest Societal food prices, which disproportionately affect the poor.",RCL Foods Abridged-Integrated-Annual-Report-2023 (1).pdf,51,REVIEW REQUIRED
RCL Foods Limited,2023.0,Environmental,Environmental,Natural Capital,EXECUTIVE OUR BUSINESS HOW WE OUR STRATEGIC OUR KEY REPORTS ABRIDGED FINANCIAL SUMMARY OVERVIEW OPERATE PROGRESS AND REVIEWS STATEMENTS OUR MATERIAL RISKS CONTINUED 01 STAKEHOLDERS: 02 STAKEHOLDERS: ENERGY SECURITY AND PRICING REDUCED DEMAND The energy crisis and the consideration of a total grid collapse in South Africa is a material The macro-economic environment presents us with mounting challenges as we face risk factor that has the potential to result in a significant profitability shock for the Group.,RCL Foods Abridged-Integrated-Annual-Report-2023 (1).pdf,52,REVIEW REQUIRED
RCL Foods Limited,2023.0,Social,Social,Social & Relationship Capital,"EXECUTIVE OUR BUSINESS HOW WE OUR STRATEGIC OUR KEY REPORTS ABRIDGED FINANCIAL SUMMARY OVERVIEW OPERATE PROGRESS AND REVIEWS STATEMENTS OUR MATERIAL RISKS CONTINUED 03 STAKEHOLDERS: 04 STAKEHOLDERS: PRICING PRESSURE COMMODITY PRICE FLUCTUATIONS The Group is persistently confronted with prevailing macro-economic challenges, leading Our product costs are intricately tied to the prices of underlying commodities and raw to escalating costs that prove difficult to transfer to consumers.",RCL Foods Abridged-Integrated-Annual-Report-2023 (1).pdf,53,REVIEW REQUIRED
RCL Foods Limited,2023.0,Environmental,Environmental,Natural Capital,"EXECUTIVE OUR BUSINESS HOW WE OUR STRATEGIC OUR KEY REPORTS ABRIDGED FINANCIAL SUMMARY OVERVIEW OPERATE PROGRESS AND REVIEWS STATEMENTS OUR MATERIAL RISKS CONTINUED 05 STAKEHOLDERS: 06 STAKEHOLDERS: BUSINESS INTERRUPTION – SUPPLY CHAIN WATER SECURITY AND PRICING Supply chain business interruption risk refers to the potential disruptions that can occur within Water security risk pertains to the potential scarcity or disruption in the supply of water that the flow of goods, services, and information from suppliers to customers.",RCL Foods Abridged-Integrated-Annual-Report-2023 (1).pdf,54,REVIEW REQUIRED
RCL Foods Limited,2023.0,Social,Social,Human Capital,"EXECUTIVE OUR BUSINESS HOW WE OUR STRATEGIC OUR KEY REPORTS ABRIDGED FINANCIAL SUMMARY OVERVIEW OPERATE PROGRESS AND REVIEWS STATEMENTS OUR MATERIAL RISKS CONTINUED 07 STAKEHOLDERS: 08 STAKEHOLDERS: FOOD AND PRODUCT SAFETY SOCIETAL RISKS AND UNREST Ensuring food and product safety stands as a fundamental priority within our business, and Our business faces significant risks related to societal protests, civil unrest, or turbulence we uphold a proactive approach to meet and exceed safety standards.",RCL Foods Abridged-Integrated-Annual-Report-2023 (1).pdf,55,REVIEW REQUIRED
RCL Foods Limited,2023.0,Social,Social,Social & Relationship Capital,"EXECUTIVE OUR BUSINESS HOW WE OUR STRATEGIC OUR KEY REPORTS ABRIDGED FINANCIAL SUMMARY OVERVIEW OPERATE PROGRESS AND REVIEWS STATEMENTS OUR MATERIAL RISKS CONTINUED 09 STAKEHOLDERS: 10 STAKEHOLDERS: NON-AVAILABILITY OF INFORMATION TECHNOLOGY (IT) SYSTEMS INDUSTRIAL ACTION The increasing dependence on technology presents businesses with a spectrum of The risk of industrial action poses a concern to our company’s operations and overall operational, security, and strategic risks.",RCL Foods Abridged-Integrated-Annual-Report-2023 (1).pdf,56,REVIEW REQUIRED
RCL Foods Limited,2023.0,Social,Social,Human Capital,EXECUTIVE OUR BUSINESS HOW WE OUR STRATEGIC OUR KEY REPORTS ABRIDGED FINANCIAL SUMMARY OVERVIEW OPERATE PROGRESS AND REVIEWS STATEMENTS OUR MATERIAL RISKS CONTINUED 11 STAKEHOLDERS: 12 STAKEHOLDERS: NON-COMPLIANCE WITH LAWS AND REGULATIONS BUSINESS INTERRUPTION – HEALTH AND SAFETY The regulatory and compliance landscape within which we operate is complex and continuously The Group continues to prioritise health and safety risks as a paramount concern.,RCL Foods Abridged-Integrated-Annual-Report-2023 (1).pdf,57,REVIEW REQUIRED
RCL Foods Limited,2023.0,Social,Social,Social & Relationship Capital,"Based on a detailed, multi-stakeholder and the Social and Ethics Committee, where the Chairman economic development partnerships and our DO MORE materiality assessment, we have now revised our Sustainability is not independent, other Committee directors take FOUNDATION’s social development work in communities Strategy and embedded it in our Business Strategy, where responsibility for ensuring that the Chairman encourages near our operations.",RCL Foods Abridged-Integrated-Annual-Report-2023 (1).pdf,61,REVIEW REQUIRED
RCL Foods Limited,2023.0,Environmental,Environmental,Natural Capital,Refer to page 49 of this report for a discussion over our material risks and responses.,RCL Foods Abridged-Integrated-Annual-Report-2023 (1).pdf,83,REVIEW REQUIRED
RCL Foods Limited,2023.0,Environmental,Environmental,Natural Capital,"All material issues and with an interest in the activities of RCL FOODS, metrics continue to be reported in the narrative and tabulated with particular emphasis on shareholders, investors, sections of the report.",RCL Foods Sustainable-Business-Report-2023 (1).pdf,2,REVIEW REQUIRED
RCL Foods Limited,2023.0,Social,Social,Social & Relationship Capital,This is both because it is a mechanism to help shape business behaviour towards more sustainable practices and it provides transparency on a range of material issues for stakeholders.,RCL Foods Sustainable-Business-Report-2023 (1).pdf,13,REVIEW REQUIRED
RCL Foods Limited,2023.0,Governance,Governance,Intellectual Capital,"OUR SUSTAINABILITY DISCLOSURE GUIDANCE Section Disclosure ABOUT THE REPORT GRI 1 (Foundation 2021): Disclosure 2-2 to 2-5 Page 1 Also refer to: About the report section of our Abridged Integrated Annual Report Message from the CEO GRI 2 (General Disclosures 2021): Disclosure 2-22 Page 4 Business overview SASB: FB-AG-000.A-D/FB-PF-000.A-B Page 6 Our Sustainability Strategy GRI 2 (General Disclosures): Disclosure 2-22 Page 10 Our approach to sustainability JSE: Narrative Disclosures (Governance, Management, Strategy) Page 11 GRI 2 (General Disclosures 2021): Disclosures 2-9 to 2-28 Also refer to: GRI 3 (Material Topics): Disclosures 3-1 to 3-3 • our Corporate Governance Report • the Corporate Governance section of our Abridged Integrated Annual Report 61 3202 TROPER SSENISUB ELBANIATSUS DETIMIL SDOOF LCR",RCL Foods Sustainable-Business-Report-2023 (1).pdf,62,REVIEW REQUIRED
RCL Foods Limited,2021.0,Governance,Governance,Intellectual Capital,RAFSF2O C RTIL N T0 N H F AE O N Y A E O T2A D R U EN E S 1N L D AME CIM D L J I EU IT N EA EN D LT S ANNUAL FINANCIAL STATEMENTS MATERIAL ASPECTS AND COMPARABILITY RCGRF2O C R LO EO T0 H F EP O R Y V E O 2AO DP R E E S 1NR ORL DE IM DTNR J I U T N EAA E DTNECE CORPORATE GOVERNANCE REPORT Materiality has been applied to qualitative and quantitative disclosures contained in this report.,RCL-FOODS-Integrated-Annual-Report-2021-1 (1).pdf,2,REVIEW REQUIRED
RCL Foods Limited,2021.0,Governance,Governance,Intellectual Capital,"The report has been reviewed by the RCL FOODS Audit Committee and Board who have assessed the content of this report and believe that the 2021 Integrated Annual Report For Sustainable Development is presented in accordance with the <IR> Framework, that it addresses all material issues and fairly presents the integrated performance of the Group.",RCL-FOODS-Integrated-Annual-Report-2021-1 (1).pdf,2,REVIEW REQUIRED
RCL Foods Limited,2021.0,Social,Social,Human Capital,"ABRIDGED OUR BUSINESS HOW WE OUR STRATEGIC OUR KEY REPORTS FINANCIAL AT A GLANCE OPERATE PROGRESS AND REVIEWS STATEMENTS NAVIGATING CONTENTS THE REPORT 1 About the report 2 Navigating the report ICON REFERENCES OUR BUSINESS AT A GLANCE 6 Who we are Our capitals 8 Value we create 10 What drives us Financial capital 12 Our brand highlights Human capital 14 Our history and footprint Intellectual capital 16 Our Sustainable Business Drive 17 Our Sustainable Business Drive in action Manufactured capital HOW WE OPERATE Natural capital 22 Our operating context Social and relationship capital 26 Our value creation model Unpacking our value creation: Our stakeholders Our capital inputs, outcomes, 28 trade-offs and stakeholders impacted Communities 33 Our stakeholder engagement 42 Our material risks and opportunities Consumers 48 Our leaders Customers 50 Our corporate governance Employees OUR STRATEGIC PROGRESS Government 54 Group-wide strategic initiatives 58 Divisional strategic progress Investors and funders OUR KEY REPORTS AND REVIEWS Media 64 Chairman’s report Suppliers 68 CEO’s report 76 CFO’s report Further reading 89 Reconciliation between reported and underlying results 91 Definitions and ratios Signifies that related information is available online at www.rclfoods.com 92 Our five-year review Directs readers to the page in the Abridged Integrated 95 Share information Annual Report with more details Directs readers to the page in the Sustainable Business 96 Environmental and soc",RCL-FOODS-Integrated-Annual-Report-2021-1 (1).pdf,3,REVIEW REQUIRED
RCL Foods Limited,2021.0,Social,Social,Social & Relationship Capital,"ABRIDGED OUR BUSINESS HOW WE OUR STRATEGIC OUR KEY REPORTS FINANCIAL AT A GLANCE OPERATE PROGRESS AND REVIEWS STATEMENTS HOW WE OPERATE HOW OUR OPERATING WE OPERATE CONTEXT 22 OUR VALUE CREATION MODEL 26 UNPACKING OUR VALUE CREATION: OUR CAPITAL INPUTS, OUTCOMES, TRADE-OFFS AND STAKEHOLDERS IMPACTED 28 OUR STAKEHOLDER ENGAGEMENT 33 OUR MATERIAL RISKS AND OPPORTUNITIES 42 OUR LEADERS 48 OUR CORPORATE GOVERNANCE 50 20 RCL FOODS LIMITED ABRIDGED INTEGRATED ANNUAL REPORT 2021 RCL FOODS LIMITED ABRIDGED INTEGRATED ANNUAL REPORT 2021 21",RCL-FOODS-Integrated-Annual-Report-2021-1 (1).pdf,12,REVIEW REQUIRED
RCL Foods Limited,2021.0,Social,Social,Social & Relationship Capital,"OUR CAPITAL OUR EXTERNAL OPERATING CONTEXT INPUTS Our external operating environment presents us with challenges and opportunities for the way we generate value for our stakeholders Our capital inputs are the resources and relationships OUR ACTIVITIES Refer to 22 we rely on to create value DIVISIONAL DELIVERY Refer to 28 FINANCIAL OUR BUSINESS Our assets, net debt and shareholders’ interest, which we manage to sustain FOOD CHICKEN VECTOR OUTPUTS the ongoing financial demands of our DIVISION DIVISION LOGISTICS OUR CAPITAL operations and provide capital for future growth More than 30 brands OUTCOMES, SUPPORTED BY AN INTEGRATED FUNCTIONAL PLATFORM and numerous private TRADE-OFFS & HUMAN label products Our skilled, experienced and Finance Supply Chain STAKEHOLDERS motivated people that enable our Marketing Customer business growth and value creation (retail and wholesale) Human Resources IMPACTED Food Partners Information Technology Strong customer (food service) INTELLECTUAL Commercial Refer to 28 partnerships in retail, Our organisational knowledge, systems, procedures and intangibles wholesale and food VALUE associated with the brands developed UNDERPINNED BY OUR CULTURE service channels CREATED MANUFACTURED Our Way | Our Values Our Ambition | Our Passion FOR OUR The physical infrastructure available to us for use in the production and Industry-leading STAKEHOLDERS distribution of our products GUIDED BY OUR SUSTAINABLE route-to-market solutions BUSINESS DRIVE Refer to 8 and 33",RCL-FOODS-Integrated-Annual-Report-2021-1 (1).pdf,15,REVIEW REQUIRED
RCL Foods Limited,2021.0,Environmental,Environmental,Natural Capital,ABRIDGED OUR BUSINESS HOW WE OUR STRATEGIC OUR KEY REPORTS FINANCIAL AT A GLANCE OPERATE PROGRESS AND REVIEWS STATEMENTS HOW WE OPERATE OUR MATERIAL RISKS 1 2 COMMODITY PRICE PRICING We operate in a highly dynamic environment in which our risks and opportunities FLUCTUATIONS PRESSURE are constantly evolving.,RCL-FOODS-Integrated-Annual-Report-2021-1 (1).pdf,23,REVIEW REQUIRED
RCL Foods Limited,2021.0,Social,Social,Human Capital,"ABRIDGED OUR BUSINESS HOW WE OUR STRATEGIC OUR KEY REPORTS FINANCIAL AT A GLANCE OPERATE PROGRESS AND REVIEWS STATEMENTS HOW WE OPERATE OUR MATERIAL RISKS CONTINUED 3 4 5 6 REDUCED DEMAND BUSINESS INTERRUPTION FOOD AND SOCIETAL RISKS (CUSTOMER AND CONSUMER) – SUPPLY CHAIN PRODUCT SAFETY AND INDUSTRIAL ACTION Reduced household disposable income of consumers The outbreak of Highly Pathogenic Avian Food safety is of paramount importance in our Harmful acts, compromised continuity of operations amidst the pandemic, resulting in increased pressure Influenza (HPAI) within South Africa has the business and we adopt a proactive approach due to employee strikes, and societal protests and on consumer spending, have increased the risk of potential to negatively impact our ability to service in ensuring that food safety standards are met.",RCL-FOODS-Integrated-Annual-Report-2021-1 (1).pdf,24,REVIEW REQUIRED
RCL Foods Limited,2021.0,Environmental,Environmental,Natural Capital,ABRIDGED OUR BUSINESS HOW WE OUR STRATEGIC OUR KEY REPORTS FINANCIAL AT A GLANCE OPERATE PROGRESS AND REVIEWS STATEMENTS HOW WE OPERATE OUR MATERIAL RISKS CONTINUED 7 8 9 10 BUSINESS INTERRUPTION – INFORMATION TECHNOLOGY CLIMATE NON-COMPLIANCE WITH HEALTH AND SAFETY SECURITY AND SUPPORT CHANGE LAWS AND REGULATIONS The COVID-19 outbreak has exposed the Group Growing reliance on technology is accompanied The complex global challenges and uncertainties The Group operates in a complex and evolving to significantly increased health and safety risks.,RCL-FOODS-Integrated-Annual-Report-2021-1 (1).pdf,25,REVIEW REQUIRED
Unknown,2023.0,Environmental,Environmental,Natural Capital,"Reviews our performance in managing The Tiger Brands Foundation: Supporting in-school 36 our most significant impacts on people, nutrition society and the environment (impact materiality), and in addressing the ENVIRONMENTAL STEWARDSHIP significant sustainability-related risks and opportunities that could reasonably Integrated environmental management 40 be expected to affect cash flows, Energy and climate change 41 access to finance, or cost of capital over the short, medium or long term Water and effluents 44 (financial materiality).",sd 2023.pdf,2,REVIEW REQUIRED
Unknown,2023.0,Social,Social,Human Capital,"Overview Our sustainability Health and Enhanced Environmental Critical Appendix Tiger Brands Limited Sustainability report 2023 www.tigerbrands.com approach nutrition livelihoods stewardship anchors About this report Report audience, purpose and boundary Our approach to materiality Board approval Our sustainability report (SR) reviews Tiger Brands’ In response to recent developments in global disclosure The Tiger Brands board, supported by the social, performance in managing our most significant impacts standards and frameworks, we have adopted “double ethics and transformation committee, has overall on people, society and the environment, and in addressing materiality” across our reporting suite: accountability for this report.",sd 2023.pdf,3,REVIEW REQUIRED
Unknown,2023.0,Governance,Governance,Intellectual Capital,"The audit committee Geraldine Fraser-Moleketi the most significant environmental, social and governance › Financial materiality: Our IR provides information on those reviewed the completeness of the disclosures and Chairman (ESG) risks and opportunities that could reasonably matters that are likely to influence report users’ assessment recommended it to the board for approval.",sd 2023.pdf,3,REVIEW REQUIRED
Unknown,2023.0,Social,Social,Human Capital,"Our AFS reflect the effects an accurate reflection of the group’s strategic of stakeholders, including shareholders, investors, ESG rating on company value and cash flow that have already taken commitments, and a fair account of our performance for agencies, regulatory agencies, employees, non-governmental Tjaart Kruger place at the time of the financial year end the financial year ended 30 September 2023.The board organisations (NGOs), customers, partners, suppliers and › Impact materiality: Our SR provides disclosure on the approved and signed off the sustainability report Chief executive officer local communities.",sd 2023.pdf,3,REVIEW REQUIRED
Unknown,2023.0,Governance,Governance,Intellectual Capital,"We have also complies with the following regulatory requirements: Chairman of audit committee made provision in the SR for financially-material ESG risks › South African Companies Act, 71 of 2008 (as amended) and opportunities impacting the business, thus adopting a › King IV Code on Corporate Governance™ for South “double materiality” perspective for our sustainability report Africa, 2016 (King IV) Assurance › The International Financial Reporting Standards (IFRS) accounting standards, developed and maintained by the We use a combined assurance model comprising assurance International Accounting Standards Board (IASB) obtained from management and from internal and external assurance providers.",sd 2023.pdf,3,REVIEW REQUIRED
Unknown,2023.0,Social,Social,Human Capital,"We continue make a significant direct impact on health and nutrition outcomes nationally through investments in Tiger Brands’ sustainability strategy was launched in 2019, Many of the sustainability challenges confronting the As we adapt our strategy to evolve in-step with internal and socio-economic development (SED), spending and is updated annually, informed by a materiality process business are becoming increasingly apparent in the supply external developments, we emphasise the pivotal roles of people, culture, and partnerships in achieving our R70,8 million in 2023.",sd 2023.pdf,5,REVIEW REQUIRED
Unknown,2023.0,Environmental,Environmental,Natural Capital,"Materiality process Specific risks are captured as the relationship with our We use a structured, independently facilitated materiality business becomes apparent, including the potential impact Management oversight are directly responsible for overseeing the development process to help identify and validate our most material of climate change on our operations, strategy, value chain, The implementation of our sustainability strategy and implementation of policies and strategy, and for driving sustainability issues, shape our sustainability strategy and and markets.",sd 2023.pdf,8,REVIEW REQUIRED
Unknown,2023.0,Environmental,Environmental,Natural Capital,"and opportunities, which we identify through structured materiality and risk management processes ( see page 13).",sd 2023.pdf,9,REVIEW REQUIRED
Unknown,,Environmental,Environmental,Natural Capital,"report addresses all material matters and that it presents a balanced and fair account of Tiger Brands’ performance for the financial year ended Combined assurance 30 September 2020, as well as an accurate reflection of our strategic commitments.",Sd full 2020.pdf,4,REVIEW REQUIRED
Unknown,,Governance,Governance,Intellectual Capital,The board collectively reviewed the content of this report and confirms that it addresses our material issues and is a balanced and appropriate presentation of the sustainability performance of the group.,Sd full 2020.pdf,4,REVIEW REQUIRED
Unknown,,Social,Social,Social & Relationship Capital,"This shift is being driven by an increase in investor interest, and growing consumer awareness and stakeholder activism, as well as by a deepening appreciation within boards on the materiality of ESG risks and opportunities.",Sd full 2020.pdf,14,REVIEW REQUIRED
Unknown,,Environmental,Environmental,Natural Capital,"We made some progress this year in reducing the footprint of our operations, focusing on the most material issues: improving energy and water efficiency, reducing greenhouse gas (GHG) emissions, and striving for zero waste to landfill operations (see page 22).",Sd full 2020.pdf,17,REVIEW REQUIRED
Unknown,,Environmental,Environmental,Natural Capital,"Environmental stewardship 41 Integrated environmental management Competitive Sustainable Ignite our Federated Game-changing Competitive WE NOURISH AND NURTURE MORE LIVES EVERY DAY 42 Energy and climate change digital agricultural 2024 people operating model innovation manufacturing ANNUAL FINANCIAL STATEMENTS ENTER capabilities sourcing for the year ended 30 September 2024 44 Water and effluents 46 Waste and packaging Critical anchors OUR VALUES Sustainability report 2024 Winning How to navigate Reviews our performance in managing 48 Ethical behaviour We treat each other behaviours the report our most significant impacts on people, 52 Our people with care and respect society and the environment (impact materiality), and in addressing the 60 Food safety and quality We deliver with passion Consumer Reference to further significant sustainability-related risks and excellence obsession online disclosure and opportunities that could reasonably 65 Ethical supply chain be expected to affect cash flows, access 68 Safety, security, health and environment (SSHE) Safety and quality are Teamwork Further reading in to finance or cost of capital over the non-negotiable for us the sustainability 2 WE N 0 OUR 2 ISH 4 AND NURTURE MORE LIVES EVERY DAY short, medium or long term 74 Responsible marketing We embrace diversity Empowered report S Sup U pl S em T en A t t I o N th A e in B te I g L rat I e T d Y an nu R al E re P por O t fo R r t T he year ended 30 September 2024 ENTER (financial ma",sd.pdf,2,REVIEW REQUIRED
Unknown,,Social,Social,Human Capital,"Overview Our sustainability approach About this report Health and nutrition Enhanced livelihoods Environmental stewardship Critical anchors Appendix www.tigerbrands.com Report audience, purpose Double materiality assurance model are provided in the front sections of our IR.",sd.pdf,3,REVIEW REQUIRED
Unknown,,Environmental,Environmental,Natural Capital,The audit committee materiality across our reporting suite: performance in managing our most significant impacts data in this report has not been independently assured.,sd.pdf,3,REVIEW REQUIRED
Unknown,,Social,Social,Human Capital,"The board the most significant environmental, social and governance Financial materiality: Our IR provides information on those manufacturing sites and warehouses covering health, safety, is satisfied that the report addresses the most material (ESG) risks and opportunities that could reasonably be matters that are likely to influence report users’ assessment security and fire protection and readiness.",sd.pdf,3,REVIEW REQUIRED
Unknown,,Environmental,Environmental,Natural Capital,"The report Impact materiality: Our SR provides disclosure on the KPIs, energy intensity, total water use and waste intensity.",sd.pdf,3,REVIEW REQUIRED
Unknown,,Environmental,Environmental,Natural Capital,"We have also made provision draft sustainability report and make edits where necessary, complies with the following regulatory requirements: in the SR for financially-material ESG risks and opportunities prior to sending the draft to the audit committee (AC) for « South African Companies Act, 71 of 2008 (as impacting the business, thus adopting a double materiality review.",sd.pdf,3,REVIEW REQUIRED
Unknown,,Environmental,Environmental,Natural Capital,"water risk assessment to guide efforts to enhance water Our annual materiality process keeps us focused on the As a major food producer, we are uniquely positioned to Persistent systemic obstacles faced by small-scale farmers, security for our operations.",sd.pdf,7,REVIEW REQUIRED
Unknown,,Environmental,Environmental,Natural Capital,"« Top-down process: We also identify and monitor sustainability and climate-related risk top-down at a Materiality process strategic level in relation to our strategic business Our independently facilitated annual materiality process objectives as part of our enterprise risk management helps identify and validate our most material sustainability (ERM) processes and we include these risks in the group issues, guiding strategy and disclosure while onboarding risk profile.",sd.pdf,10,REVIEW REQUIRED
Unknown,,Social,Social,Human Capital,"Our sustainability strategy focuses on our ethical governance, promoting human rights, entrenching fair labour and remuneration practices, most material issues, aligning with our core growth objectives.",sd.pdf,11,REVIEW REQUIRED
Unknown,,Environmental,Environmental,Natural Capital,"Our management of supplier partnerships, particularly in relation risks and opportunities, which we identify through structured materiality and risk management processes.",sd.pdf,11,REVIEW REQUIRED
Unknown,2022.0,Governance,Governance,Intellectual Capital,"Tiger Brands Limited Sustainability report 2022 www.tigerbrands.com OUR INTEGR ATED OUR SUSTAINABILIT Y REPORTING APPROACH REPORT Our sustainability report (SR) Impact materiality Board approval TIGER BRANDS’ 2022 Double materiality Forward-looking statements reviews Tiger Brands’ In accordance with our The Tiger Brands Board, supported by environmental, social and “double materiality” approach the social, ethics and transformation REPORTING SUITE We adopt a “double materiality” Our reports, including this one, governance (ESG) performance page 2, we adopt an “impact committee (SETCO), has overall perspective across our reporting suite: contain forward-looking statements Our 2022 integrated reporting suite, our AFS and IR focus on issues that are that, unless otherwise indicated, reflect for the period 1 October 2021 materiality” perspective in this report, accountability for this report.",SR-spread 2022.pdf,3,REVIEW REQUIRED
Unknown,2022.0,Social,Social,Human Capital,"environment where our people can › Leverage our brand and marketing The strategy comprises three clear thrive, grow and innovate activities to inspire positive focus areas: health and nutrition; behaviour change in consumers CONTRIBUTING TO THE SDGs Materiality process We use a structured independently facilitated materiality process to help identify our most material ESG issues, and shape our sustainability strategy and disclosure page 2 and page 8.",SR-spread 2022.pdf,8,REVIEW REQUIRED
Unknown,2022.0,Social,Social,Human Capital,"We used this Safety, health and environment Responsible marketing and communication process in 2019 to first develop our sustainability strategy, and we ran a similar process in 2022 to validate our material issues, reflect on our Partnerships and transparency Ethical supply chain strategy, guide our disclosure, and onboard new team members into the reporting process.",SR-spread 2022.pdf,8,REVIEW REQUIRED
Tiger Brands Limited,2021.0,Governance,Governance,Intellectual Capital,"We believe that the 48 We practise ethical behaviour report addresses all material matters and that it presents a balanced and fair account of Tiger Brands’ performance for the financial year 50 We ignite our people through a purpose-led culture ended 30 September 2021, as well as an accurate reflection of our strategic commitments.",tiger-brands-sd-full 2021.pdf,2,REVIEW REQUIRED
Tiger Brands Limited,2021.0,Environmental,Environmental,Natural Capital,"Protecting these is as much a The prolonged pandemic has amplified on the most material issues: improving financial necessity as it is a moral imperative; yet sustainability existing food security crisis in poor ENHANCING LIVELIHOODS energy efficiency, reducing GHG is about more than just protecting value, it is about proactively communities across South Africa and In response to the weak South African emissions and striving for zero waste creating value for a sustainable future.",tiger-brands-sd-full 2021.pdf,9,REVIEW REQUIRED
